PassengerId,Survived,Pclass,Sex,Age,SibSp,Parch,Fare,Embarked,Title,FamilySize,IsAlone,FamilyGroup,FarePerPerson,Fare_log,Age_x_Class,AgeBin
1,1,2,female,30.44398142734432,1,0,54.56,C,Rare,2,0,Small,27.28,4.017463517886143,60.88796285468864,YoungAdult
2,1,3,female,3.978054318979371,0,3,21.63,C,Mrs,4,0,Small,5.4075,3.119276459645446,11.934162956938113,Child
3,0,3,male,20.320915521286658,0,0,16.82,Q,Master,1,1,Solo,16.82,2.8803214220426634,60.96274656385997,YoungAdult
4,1,3,female,26.89664187904158,0,0,9.33,S,Miss,1,1,Solo,9.33,2.3350522831315472,80.68992563712474,YoungAdult
5,0,1,male,56.22437805158317,0,3,65.79,S,Master,4,0,Small,16.4475,4.201553368737545,56.22437805158317,Adult
6,0,1,male,39.61036510806384,0,1,199.3,S,Mr,2,0,Small,99.65,5.299816242671772,39.61036510806384,Adult
7,1,1,female,38.44805808692073,0,0,213.25,S,Miss,1,1,Solo,213.25,5.367143557477889,38.44805808692073,Adult
8,0,3,male,32.29895430021962,1,2,7.18,S,Master,4,0,Small,1.795,2.1016921506146558,96.89686290065886,YoungAdult
9,1,3,male,9.19441696064098,0,0,27.75,S,Mr,1,1,Solo,27.75,3.3586377672433594,27.583250881922943,Child
10,0,3,male,34.3123349661217,0,0,12.41,S,Mr,1,1,Solo,12.41,2.596000697293587,102.9370048983651,YoungAdult
11,0,1,male,66.18742146537272,1,2,155.1,C,Master,4,0,Small,38.775,5.050496827521386,66.18742146537272,Senior
12,0,3,male,26.69179239534472,0,0,11.8,C,Master,1,1,Solo,11.8,2.5494451709255714,80.07537718603416,YoungAdult
13,1,3,male,7.398577712611875,0,0,10.55,S,Mr,1,1,Solo,10.55,2.446685436967803,22.195733137835624,Child
14,1,1,male,40.58552428210872,0,0,40.64,S,Mr,1,1,Solo,40.64,3.7290612437467683,40.58552428210872,Adult
15,1,1,female,19.14023194658425,0,0,55.8,S,Rare,1,1,Solo,55.8,4.039536325727106,19.14023194658425,YoungAdult
16,1,1,female,24.39740346085088,0,0,52.76,S,Miss,1,1,Solo,52.76,3.984529696214894,24.39740346085088,YoungAdult
17,1,2,male,48.4908082020806,4,0,17.3,S,Mr,5,0,Large,3.46,2.9069010598473755,96.9816164041612,Adult
18,0,3,male,26.69179239534472,0,0,11.26,S,Mr,1,1,Solo,11.26,2.506341930508065,80.07537718603416,YoungAdult
19,0,2,male,42.72515466016334,0,0,63.95,S,Mr,1,1,Solo,63.95,4.173617743116608,85.45030932032668,Adult
20,0,2,male,31.10913585334531,0,0,20.04,S,Rare,1,1,Solo,20.04,3.046425387869509,62.21827170669062,YoungAdult
21,1,3,male,15.637610450590447,2,1,18.79,S,Master,4,0,Small,4.6975,2.9851767596144745,46.912831351771345,Teen
22,1,1,male,48.065346349310936,0,0,167.05,S,Rare,1,1,Solo,167.05,5.124261554171115,48.065346349310936,Adult
23,0,2,male,31.37479928652925,1,0,30.79,Q,Master,2,0,Small,15.395,3.459151774922711,62.7495985730585,YoungAdult
24,0,2,male,35.43917687155289,2,0,51.32,S,Master,3,0,Small,17.106666666666666,3.9573787071489432,70.87835374310578,Adult
25,0,3,male,35.71544644130523,2,0,7.77,S,Mr,3,0,Small,2.59,2.1713368063840917,107.1463393239157,Adult
26,0,3,male,46.955442420593045,1,1,8.99,S,Mr,3,0,Small,2.9966666666666666,2.301584592660462,140.86632726177913,Adult
27,1,1,female,33.4824822562101,0,0,32.84,S,Mrs,1,1,Solo,32.84,3.521643534738023,33.4824822562101,YoungAdult
28,0,3,female,33.547865914961946,1,0,19.28,S,Miss,2,0,Small,9.64,3.0096351787229825,100.64359774488584,YoungAdult
29,1,3,male,52.37982203846612,0,0,7.57,S,Rare,1,1,Solo,7.57,2.1482677326096886,157.13946611539836,Adult
30,1,1,female,45.78722013160924,1,0,41.71,S,Rare,2,0,Small,20.855,3.754433084853375,45.78722013160924,Adult
31,1,3,male,6.579517029611683,1,0,5.79,S,Rare,2,0,Small,2.895,1.9154509415706047,19.73855108883505,Child
32,1,1,female,39.0560709446223,1,1,128.24,C,Rare,3,0,Small,42.74666666666667,4.861671140956298,39.0560709446223,Adult
33,1,1,female,39.0560709446223,0,0,34.79,S,Mrs,1,1,Solo,34.79,3.5776685247779345,39.0560709446223,Adult
34,1,3,male,26.69179239534472,0,0,14.81,S,Mr,1,1,Solo,14.81,2.7606426512213806,80.07537718603416,YoungAdult
35,1,3,male,20.53217136474493,3,0,7.83,C,Rare,4,0,Small,1.9575,2.178155014615869,61.59651409423479,YoungAdult
36,1,3,male,30.247758244467526,0,0,9.25,S,Rare,1,1,Solo,9.25,2.327277705584417,90.74327473340259,YoungAdult
37,1,2,male,41.539520536359866,0,0,25.08,C,Rare,1,1,Solo,25.08,3.261168737058452,83.07904107271973,Adult
38,1,1,male,45.109700588054736,0,0,118.19,Q,Rare,1,1,Solo,118.19,4.780718858494617,45.109700588054736,Adult
39,1,3,male,27.66747826961025,3,0,10.36,S,Mr,4,0,Small,2.59,2.4300984132930052,83.00243480883074,YoungAdult
40,1,2,male,32.99091986948822,0,0,32.9,Q,Rare,1,1,Solo,32.9,3.5234150143864045,65.98183973897645,YoungAdult
41,1,1,female,39.0560709446223,0,0,55.32,C,Miss,1,1,Solo,55.32,4.0310497118497866,39.0560709446223,Adult
42,0,3,female,16.876058338497625,0,0,8.71,Q,Miss,1,1,Solo,8.71,2.2731562823032334,50.62817501549287,Teen
43,1,1,male,23.37267128370553,0,0,109.53,S,Mr,1,1,Solo,109.53,4.705286977322864,23.37267128370553,YoungAdult
44,1,3,male,34.96230174235132,2,0,14.02,S,Mr,3,0,Small,4.673333333333333,2.7093826463359885,104.88690522705397,YoungAdult
45,0,2,male,21.97570857489,1,1,16.67,C,Mr,3,0,Small,5.5566666666666675,2.871868286331605,43.95141714978,YoungAdult
46,0,3,male,30.4147038318221,0,1,10.37,S,Mr,2,0,Small,5.185,2.4309783077624445,91.2441114954663,YoungAdult
47,1,2,female,15.697994971367969,0,0,23.17,S,Miss,1,1,Solo,23.17,3.1851121947153915,31.395989942735937,Teen
48,1,3,male,10.863509591483432,1,0,7.01,S,Rare,2,0,Small,3.505,2.080690761080268,32.59052877445029,Child
49,0,3,male,45.00668933861364,0,0,18.93,S,Rare,1,1,Solo,18.93,2.9922261342247034,135.02006801584093,Adult
50,0,1,male,39.61036510806384,0,0,60.59,S,Master,1,1,Solo,60.59,4.120499519698952,39.61036510806384,Adult
51,0,3,male,33.82746396694896,0,1,9.7,S,Mr,2,0,Small,4.85,2.3702437414678603,101.48239190084689,YoungAdult
52,0,3,female,46.38158690525272,0,0,28.06,Q,Rare,1,1,Solo,28.06,3.369362658142137,139.14476071575814,Adult
53,0,3,female,5.120521507866712,0,1,5.39,S,Miss,2,0,Small,2.695,1.8547342683894434,15.361564523600137,Child
54,0,3,male,26.69179239534472,0,0,20.19,Q,Master,1,1,Solo,20.19,3.0535293722802077,80.07537718603416,YoungAdult
55,0,3,male,16.17635847181657,0,0,53.2,Q,Rare,1,1,Solo,53.2,3.9926809084456005,48.52907541544971,Teen
56,0,3,male,33.65775188508812,0,0,22.44,S,Mr,1,1,Solo,22.44,3.154443964708812,100.97325565526435,YoungAdult
57,1,1,female,44.87364932293552,1,2,31.12,S,Miss,4,0,Small,7.78,3.469478889078561,44.87364932293552,Adult
58,1,1,female,48.28828900469745,0,0,39.3,C,Miss,1,1,Solo,39.3,3.696351468952637,48.28828900469745,Adult
59,1,1,male,47.28033776134378,2,0,94.37,S,Rare,3,0,Small,31.456666666666667,4.557764063590821,47.28033776134378,Adult
60,0,2,male,31.37479928652925,0,0,15.61,C,Mr,1,1,Solo,15.61,2.8100049236252036,62.7495985730585,YoungAdult
61,1,2,female,27.93241226479933,1,3,15.16,S,Miss,5,0,Large,3.032,2.7825390530929495,55.86482452959866,YoungAdult
62,0,2,male,41.57498112575722,2,0,18.29,S,Mr,3,0,Small,6.096666666666667,2.9595868269176377,83.14996225151444,Adult
63,0,3,female,14.837788406495624,2,0,17.35,S,Miss,3,0,Small,5.783333333333334,2.9096295745005794,44.51336521948687,Teen
64,1,2,male,36.50865437795573,1,0,21.55,S,Master,2,0,Small,10.775,3.1157350659486873,73.01730875591146,Adult
65,0,2,male,31.37479928652925,0,1,14.92,S,Mr,2,0,Small,7.46,2.767576180416237,62.7495985730585,YoungAdult
66,1,3,male,24.53176576746947,0,1,19.69,S,Rare,2,0,Small,9.845,3.029650491757452,73.59529730240841,YoungAdult
67,1,1,male,55.335963000070905,0,0,277.12,C,Mr,1,1,Solo,277.12,5.628052675230817,55.335963000070905,Adult
68,1,3,male,1.0,0,0,16.81,S,Mr,1,1,Solo,16.81,2.87976009730157,3.0,Child
69,1,1,female,42.3236621763855,0,0,113.86,Q,Rare,1,1,Solo,113.86,4.74371399543615,42.3236621763855,Adult
70,0,3,male,47.93702904567668,1,0,18.11,S,Mr,2,0,Small,9.055,2.950211758252182,143.81108713703003,Adult
71,0,3,male,9.634533147970398,0,0,12.38,C,Rare,1,1,Solo,12.38,2.5937610547000824,28.903599443911194,Child
72,0,1,male,74.42356359852553,0,0,82.37,S,Master,1,1,Solo,82.37,4.423288532422522,74.42356359852553,Senior
73,1,1,male,39.61036510806384,2,0,51.39,Q,Mr,3,0,Small,17.13,3.9587157334201284,39.61036510806384,Adult
74,0,3,male,9.94092798397249,0,0,19.69,S,Rare,1,1,Solo,19.69,3.029650491757452,29.82278395191747,Child
75,1,3,male,27.216525697373,1,1,10.12,S,Mr,3,0,Small,3.373333333333333,2.4087452888224363,81.649577092119,YoungAdult
76,1,3,female,36.25498645012786,1,0,5.32,Q,Rare,2,0,Small,2.66,1.843719208158766,108.76495935038358,Adult
77,1,3,male,25.149991862887003,0,0,13.14,S,Master,1,1,Solo,13.14,2.6490076604684267,75.449975588661,YoungAdult
78,0,1,male,47.424538917779415,0,0,59.69,S,Rare,1,1,Solo,59.69,4.105778939847764,47.424538917779415,Adult
79,0,2,male,38.021077344497066,3,0,10.35,S,Mr,4,0,Small,2.5875,2.4292177439274116,76.04215468899413,Adult
80,1,1,female,20.85982469194888,2,0,130.79,C,Mrs,3,0,Small,43.596666666666664,4.881209746655798,20.85982469194888,YoungAdult
81,1,3,female,22.92637915124243,2,1,6.68,S,Miss,4,0,Small,1.67,2.038619547159581,68.77913745372729,YoungAdult
82,1,3,female,34.2630418580401,0,0,14.03,S,Mrs,1,1,Solo,14.03,2.710048203764883,102.78912557412029,YoungAdult
83,0,2,male,31.37479928652925,1,0,10.08,C,Master,2,0,Small,5.04,2.405141681319138,62.7495985730585,YoungAdult
84,0,1,male,46.24009766188853,0,0,40.06,C,Rare,1,1,Solo,40.06,3.7150344115907874,46.24009766188853,Adult
85,1,2,male,31.864050075449263,0,0,20.78,S,Mr,1,1,Solo,20.78,3.0809921175048145,63.72810015089853,YoungAdult
86,0,2,male,6.908941972321841,0,0,13.37,S,Mr,1,1,Solo,13.37,2.6651427000909336,13.817883944643683,Child
87,0,3,male,32.238970006856725,0,0,8.73,S,Master,1,1,Solo,8.73,2.2752138961979136,96.71691002057017,YoungAdult
88,0,3,male,28.57790159188631,0,0,6.26,C,Master,1,1,Solo,6.26,1.9823798288367047,85.73370477565894,YoungAdult
89,0,3,male,32.66392202371723,0,0,9.17,C,Rare,1,1,Solo,9.17,2.3194422100604686,97.99176607115169,YoungAdult
90,0,3,male,37.697419901045805,0,0,5.96,S,Mr,1,1,Solo,5.96,1.9401794743463283,113.09225970313742,Adult
91,1,1,female,36.123759666579154,0,0,41.38,S,Miss,1,1,Solo,41.38,3.746676552840153,36.123759666579154,Adult
92,0,3,male,26.777073037579317,1,0,5.33,S,Mr,2,0,Small,2.665,1.8453002361560848,80.33121911273795,YoungAdult
93,1,3,male,14.427179960064493,0,0,10.99,S,Rare,1,1,Solo,10.99,2.4840729690394228,43.28153988019348,Teen
94,1,3,female,16.45335083621139,0,2,22.4,S,Rare,3,0,Small,7.466666666666666,3.152736022363656,49.36005250863417,Teen
95,0,3,male,39.24081544212797,0,0,19.56,S,Master,1,1,Solo,19.56,3.0233474405869645,117.7224463263839,Adult
96,1,3,female,42.23602486847175,1,1,22.15,S,Mrs,3,0,Small,7.383333333333333,3.1419947805322432,126.70807460541525,Adult
97,1,3,male,22.14267476425535,0,0,25.41,S,Rare,1,1,Solo,25.41,3.273742726309041,66.42802429276605,YoungAdult
98,0,2,male,27.97332368682332,0,1,52.78,S,Mr,2,0,Small,26.39,3.9849016508407185,55.94664737364664,YoungAdult
99,1,1,female,48.1133390095888,0,0,31.16,S,Rare,1,1,Solo,31.16,3.4707234443107655,48.1133390095888,Adult
100,1,1,female,39.0560709446223,3,0,100.23,Q,Mrs,4,0,Small,25.0575,4.6173951556106605,39.0560709446223,Adult
101,0,1,female,62.17749391726767,0,0,204.57,S,Mrs,1,1,Solo,204.57,5.325786608537582,62.17749391726767,Senior
102,0,3,male,48.29460923756499,0,0,34.31,S,Master,1,1,Solo,34.31,3.564166209940295,144.88382771269497,Adult
103,1,2,male,48.83048998860804,0,3,12.42,Q,Rare,4,0,Small,3.105,2.5967461315435356,97.66097997721609,Adult
104,0,3,male,26.69179239534472,0,0,8.52,S,Master,1,1,Solo,8.52,2.253394848803274,80.07537718603416,YoungAdult
105,0,3,male,27.777351070306867,0,3,6.92,S,Rare,4,0,Small,1.73,2.0693912058263346,83.3320532109206,YoungAdult
106,1,2,female,24.62495290539741,0,0,13.83,S,Rare,1,1,Solo,13.83,2.696652156149841,49.24990581079482,YoungAdult
107,1,2,male,33.38364658557752,0,0,75.88,C,Rare,1,1,Solo,75.88,4.342245764662037,66.76729317115505,YoungAdult
108,1,3,female,14.524466914555596,3,0,6.02,S,Rare,4,0,Small,1.505,1.9487632180377197,43.57340074366679,Teen
109,0,1,male,30.273985957505744,1,0,156.21,C,Master,2,0,Small,78.105,5.057582491203423,30.273985957505744,YoungAdult
110,0,1,male,39.61036510806384,0,2,48.82,S,Rare,3,0,Small,16.273333333333333,3.9084165098340344,39.61036510806384,Adult
111,0,2,male,29.36751942958413,1,0,22.52,S,Mr,2,0,Small,11.26,3.1578511230304263,58.73503885916826,YoungAdult
112,0,1,female,39.0560709446223,0,0,58.96,C,Mrs,1,1,Solo,58.96,4.093677673234397,39.0560709446223,Adult
113,1,3,female,25.18974142092027,1,3,22.69,Q,Rare,5,0,Large,4.538,3.165053018170694,75.56922426276081,YoungAdult
114,0,3,female,26.611557966973518,0,0,11.74,S,Rare,1,1,Solo,11.74,2.5447466501440172,79.83467390092055,YoungAdult
115,0,3,female,25.95517434851244,0,0,18.37,C,Miss,1,1,Solo,18.37,2.9637254774189046,77.86552304553732,YoungAdult
116,1,3,female,31.648693253390885,1,0,18.2,S,Rare,2,0,Small,9.1,2.954910279033736,94.94607976017265,YoungAdult
117,0,3,female,14.659563156924902,1,0,6.68,S,Rare,2,0,Small,3.34,2.038619547159581,43.978689470774704,Teen
118,1,1,male,46.29537728881657,1,0,84.62,S,Rare,2,0,Small,42.31,4.4499189007168,46.29537728881657,Adult
119,0,3,male,1.0,0,0,15.22,S,Rare,1,1,Solo,15.22,2.7862450486872667,3.0,Child
120,0,3,male,35.51746774603522,3,0,6.36,S,Rare,4,0,Small,1.59,1.9960599327407849,106.55240323810567,Adult
121,0,3,female,25.18974142092027,3,0,20.17,S,Miss,4,0,Small,5.0425,3.0525850851467737,75.56922426276081,YoungAdult
122,1,3,female,43.04103794114799,0,0,15.36,S,Rare,1,1,Solo,15.36,2.794839331174601,129.123113823444,Adult
123,1,2,male,11.15461214391911,0,3,24.32,S,Mr,4,0,Small,6.08,3.2315945972759756,22.30922428783822,Child
124,1,1,female,39.0560709446223,0,0,33.44,Q,Miss,1,1,Solo,33.44,3.53921867955953,39.0560709446223,Adult
125,1,1,female,47.749424264394015,4,0,175.64,Q,Miss,5,0,Large,35.128,5.17411376308873,47.749424264394015,Adult
126,0,2,male,32.694475282186275,0,0,28.5,C,Mr,1,1,Solo,28.5,3.3843902633457743,65.38895056437255,YoungAdult
127,0,3,male,42.02237614177644,0,0,5.26,S,Mr,1,1,Solo,5.26,1.8341801851120072,126.06712842532932,Adult
128,0,3,female,1.0,0,0,15.37,S,Mrs,1,1,Solo,15.37,2.7954503913830435,3.0,Child
129,1,1,male,39.61036510806384,0,1,38.4,C,Rare,2,0,Small,19.2,3.673765816303888,39.61036510806384,Adult
130,0,3,female,29.056281773220498,0,1,9.29,Q,Miss,2,0,Small,4.645,2.331172549845958,87.1688453196615,YoungAdult
131,0,2,male,26.468483565761307,0,0,27.74,S,Rare,1,1,Solo,27.74,3.358289880650879,52.936967131522614,YoungAdult
132,1,1,female,11.86848736097716,3,0,170.89,C,Miss,4,0,Small,42.7225,5.146854737340066,11.86848736097716,Child
133,1,1,female,36.84247039820221,1,0,30.04,Q,Mrs,2,0,Small,15.02,3.435276695315018,36.84247039820221,Adult
134,1,2,female,13.10544391994123,1,0,26.07,C,Rare,2,0,Small,13.035,3.29842610362621,26.21088783988246,Teen
135,1,3,male,11.159793872848487,0,0,39.34,S,Mr,1,1,Solo,39.34,3.697343532526066,33.47938161854546,Child
136,1,2,female,27.93241226479933,0,1,16.42,S,Rare,2,0,Small,8.21,2.857618971424357,55.86482452959866,YoungAdult
137,1,3,female,25.18974142092027,0,0,26.78,S,Miss,1,1,Solo,26.78,3.3243163373261977,75.56922426276081,YoungAdult
138,0,3,male,13.744893081563214,0,3,10.92,S,Mr,4,0,Small,2.73,2.4782176616372036,41.234679244689644,Teen
139,1,2,female,49.99311493936319,0,0,66.68,S,Mrs,1,1,Solo,66.68,4.214790715297968,99.98622987872638,Adult
140,1,3,male,12.690967796316674,3,0,7.48,S,Mr,4,0,Small,1.87,2.1377104498038118,38.072903388950024,Teen
141,0,3,male,38.20985678107127,0,0,26.22,C,Rare,1,1,Solo,26.22,3.30395199722332,114.6295703432138,Adult
142,0,2,male,31.37479928652925,0,0,20.56,S,Master,1,1,Solo,20.56,3.070839746040796,62.7495985730585,YoungAdult
143,0,3,male,31.38407438586332,0,0,11.93,S,Rare,1,1,Solo,11.93,2.559550192783766,94.15222315758996,YoungAdult
144,0,2,male,37.16919157811381,0,0,12.67,S,Mr,1,1,Solo,12.67,2.6152036507358583,74.33838315622762,Adult
145,1,2,female,34.42765981320646,4,0,12.25,S,Rare,5,0,Large,2.45,2.583997552432231,68.85531962641292,YoungAdult
146,0,1,male,59.605409395810646,0,0,66.58,C,Mr,1,1,Solo,66.58,4.213312081286144,59.605409395810646,Adult
147,0,3,female,10.817510494950389,0,0,7.54,S,Mrs,1,1,Solo,7.54,2.1447610078004784,32.452531484851164,Child
148,0,3,male,30.39368695398768,0,1,6.48,C,Mr,2,0,Small,3.24,2.012232791986386,91.18106086196303,YoungAdult
149,1,1,male,39.972407456756855,0,0,66.83,S,Mr,1,1,Solo,66.83,4.217004574957988,39.972407456756855,Adult
150,1,2,male,27.01792032711564,0,0,14.16,S,Rare,1,1,Solo,14.16,2.7186603802142257,54.03584065423128,YoungAdult
151,1,3,female,20.66244679967217,0,0,11.74,C,Miss,1,1,Solo,11.74,2.5447466501440172,61.98734039901652,YoungAdult
152,0,1,male,35.93356379181864,0,0,33.13,S,Mr,1,1,Solo,33.13,3.530176762918616,35.93356379181864,Adult
153,1,1,male,31.47548897384461,0,0,67.9,S,Rare,1,1,Solo,67.9,4.232656178019613,31.47548897384461,YoungAdult
154,1,3,female,13.212357035472223,0,0,22.13,S,Miss,1,1,Solo,22.13,3.141130476243348,39.63707110641667,Teen
155,1,3,male,38.46229427476565,1,0,11.99,S,Mr,2,0,Small,5.995,2.5641798306825083,115.38688282429695,Adult
156,0,2,male,44.61659367831653,0,0,25.33,S,Rare,1,1,Solo,25.33,3.270708973508218,89.23318735663305,Adult
157,0,3,male,26.69179239534472,1,0,9.96,C,Master,2,0,Small,4.98,2.3942522815198695,80.07537718603416,YoungAdult
158,1,3,female,14.151180523167996,1,0,19.9,S,Miss,2,0,Small,9.95,3.039749158970765,42.45354156950399,Teen
159,1,1,male,37.61479132929109,0,0,31.72,Q,Master,1,1,Solo,31.72,3.487986511734546,37.61479132929109,Adult
160,1,3,female,25.18974142092027,0,0,7.46,S,Miss,1,1,Solo,7.46,2.135349173618132,75.56922426276081,YoungAdult
161,0,2,male,31.37479928652925,0,0,26.64,S,Rare,1,1,Solo,26.64,3.319263998899469,62.7495985730585,YoungAdult
162,1,3,female,30.70201295794458,1,0,5.84,S,Rare,2,0,Small,2.92,1.922787731634459,92.10603887383374,YoungAdult
163,1,3,female,24.971153908973758,0,0,5.27,S,Miss,1,1,Solo,5.27,1.8357763546448294,74.91346172692127,YoungAdult
164,1,3,female,17.928740178528326,0,0,11.58,S,Miss,1,1,Solo,11.58,2.5321082512722946,53.786220535584974,Teen
165,0,1,male,24.02260385136392,0,0,51.96,S,Rare,1,1,Solo,51.96,3.9695369116287527,24.02260385136392,YoungAdult
166,0,3,female,35.01701591589858,2,0,17.71,S,Miss,3,0,Small,5.903333333333333,2.9290581402859983,105.05104774769575,Adult
167,1,2,male,9.114497690397169,0,0,24.21,C,Master,1,1,Solo,24.21,3.2272407411998283,18.228995380794338,Child
168,1,1,male,55.17706513438031,0,0,50.5,S,Rare,1,1,Solo,50.5,3.9415818076696905,55.17706513438031,Adult
169,0,1,male,36.59784292928066,0,0,69.19,C,Master,1,1,Solo,69.19,4.2512058507423305,36.59784292928066,Adult
170,0,3,female,31.88885465072801,0,0,5.13,S,Rare,1,1,Solo,5.13,1.81319474994812,95.66656395218403,YoungAdult
171,1,3,female,41.79513574174952,0,0,5.77,S,Miss,1,1,Solo,5.77,1.9125010869241836,125.38540722524856,Adult
172,1,1,female,39.0560709446223,1,0,61.93,S,Miss,2,0,Small,30.965,4.1420229975388425,39.0560709446223,Adult
173,0,3,male,8.610110135014732,1,1,9.6,S,Mr,3,0,Small,3.1999999999999997,2.3608540011180215,25.830330405044197,Child
174,0,1,male,43.14311709542649,1,0,72.7,C,Rare,2,0,Small,36.35,4.300002799195291,43.14311709542649,Adult
175,1,3,female,25.18974142092027,0,0,11.98,S,Rare,1,1,Solo,11.98,2.563409711275944,75.56922426276081,YoungAdult
176,1,1,male,26.75549469047517,0,0,61.34,S,Mr,1,1,Solo,61.34,4.132603274339191,26.75549469047517,YoungAdult
177,1,3,male,33.472946965781574,0,0,6.25,S,Rare,1,1,Solo,6.25,1.9810014688665833,100.41884089734472,YoungAdult
178,0,2,male,18.08950509874385,0,0,11.24,S,Master,1,1,Solo,11.24,2.50470927708418,36.1790101974877,YoungAdult
179,0,3,male,12.683569508009295,0,0,6.23,S,Mr,1,1,Solo,6.23,1.9782390361706734,38.05070852402788,Teen
180,1,1,male,27.539036491930474,0,0,126.73,S,Mr,1,1,Solo,126.73,4.849918661054685,27.539036491930474,YoungAdult
181,0,2,male,20.695120141560228,0,2,75.51,S,Rare,3,0,Small,25.17,4.3374214512437606,41.390240283120455,YoungAdult
182,0,1,male,50.3766355490547,0,3,90.52,Q,Mr,4,0,Small,22.63,4.5165575276314875,50.3766355490547,Adult
183,0,3,male,26.69179239534472,0,0,6.56,C,Mr,1,1,Solo,6.56,2.0228711901914416,80.07537718603416,YoungAdult
184,0,3,female,44.0869848714142,2,2,5.93,S,Rare,5,0,Large,1.186,1.9358598132018119,132.26095461424262,Adult
185,0,2,male,33.112258506959904,0,0,17.81,S,Rare,1,1,Solo,17.81,2.934388643312939,66.22451701391981,YoungAdult
186,1,3,male,23.356054126690506,4,0,26.09,S,Master,5,0,Large,5.218,3.2991646560970036,70.06816238007151,YoungAdult
187,0,3,female,18.767243538086483,1,0,5.45,S,Mrs,2,0,Small,2.725,1.864080130807681,56.30173061425945,YoungAdult
188,0,3,male,20.90910547184704,0,0,9.38,S,Mr,1,1,Solo,9.38,2.3398808777377424,62.727316415541125,YoungAdult
189,1,3,female,30.13980030850285,0,0,14.84,Q,Mrs,1,1,Solo,14.84,2.7625383863862796,90.41940092550854,YoungAdult
190,1,1,female,39.0560709446223,0,2,48.79,S,Rare,3,0,Small,16.263333333333332,3.9078141606540915,39.0560709446223,Adult
191,0,1,male,42.10981105033281,1,0,402.2,S,Master,2,0,Small,201.1,5.999432716757159,42.10981105033281,Adult
192,1,3,male,23.01242307618841,0,0,6.58,S,Rare,1,1,Solo,6.58,2.0255131996542803,69.03726922856522,YoungAdult
193,0,3,female,25.9429243566298,4,1,30.67,S,Miss,6,0,Large,5.111666666666667,3.4553698605505483,77.8287730698894,YoungAdult
194,1,3,female,1.0,0,0,8.89,C,Mrs,1,1,Solo,8.89,2.2915241456346207,3.0,Child
195,1,2,male,31.37479928652925,1,0,37.35,S,Rare,2,0,Small,18.675,3.646754527813265,62.7495985730585,YoungAdult
196,0,2,male,38.8832769065439,1,0,24.45,S,Rare,2,0,Small,12.225,3.2367157429965316,77.7665538130878,Adult
197,1,3,male,11.16001116153106,0,0,11.64,S,Rare,1,1,Solo,11.64,2.5368663887187113,33.48003348459318,Child
198,1,3,female,4.751867834671476,0,0,10.81,C,Rare,1,1,Solo,10.81,2.468946630209271,14.255603504014427,Child
199,0,3,male,3.4732900255853174,0,0,15.39,S,Mr,1,1,Solo,15.39,2.7966713927557385,10.419870076755952,Child
200,1,3,female,8.73462996265253,0,0,11.94,Q,Miss,1,1,Solo,11.94,2.5603232890727545,26.20388988795759,Child
201,1,3,female,16.491748508434114,0,2,6.42,S,Miss,3,0,Small,2.14,2.004179057179289,49.47524552530234,Teen
202,1,1,male,38.8635178978716,2,1,38.63,S,Rare,4,0,Small,9.6575,3.679586407202344,38.8635178978716,Adult
203,1,1,male,44.00343100462802,0,0,37.38,S,Mr,1,1,Solo,37.38,3.647536490579554,44.00343100462802,Adult
204,0,3,male,27.133001275216376,3,0,18.11,S,Rare,4,0,Small,4.5275,2.950211758252182,81.39900382564913,YoungAdult
205,0,3,male,29.805776638075944,1,0,41.63,S,Mr,2,0,Small,20.815,3.752558230777119,89.41732991422784,YoungAdult
206,1,1,male,32.861610252833486,0,3,74.07,S,Rare,4,0,Small,18.5175,4.318421011584911,32.861610252833486,YoungAdult
207,1,1,male,26.41373691091793,2,0,32.27,S,Mr,3,0,Small,10.756666666666668,3.5046560900303856,26.41373691091793,YoungAdult
208,1,3,female,10.656474836809064,0,0,5.38,S,Mrs,1,1,Solo,5.38,1.8531680973566984,31.969424510427192,Child
209,1,1,male,22.990053832201504,2,0,96.95,S,Mr,3,0,Small,32.31666666666667,4.58445714439055,22.990053832201504,YoungAdult
210,1,1,male,1.0,0,2,100.11,S,Master,3,0,Small,33.37,4.616209033103308,1.0,Child
211,0,3,female,4.80809567052777,0,0,6.1,C,Mrs,1,1,Solo,6.1,1.9600947840472698,14.42428701158331,Child
212,0,3,female,25.18974142092027,0,0,9.72,S,Miss,1,1,Solo,9.72,2.372111155642656,75.56922426276081,YoungAdult
213,0,3,female,21.64227589147593,0,0,18.51,S,Rare,1,1,Solo,18.51,2.97092715463502,64.92682767442778,YoungAdult
214,1,1,female,23.863770134060875,0,0,44.69,S,Miss,1,1,Solo,44.69,3.8218794555751803,23.863770134060875,YoungAdult
215,1,3,male,31.071586641470383,0,0,10.86,C,Rare,1,1,Solo,10.86,2.4731713935695794,93.21475992441114,YoungAdult
216,0,1,male,66.80493657596378,0,0,236.91,C,Mr,1,1,Solo,236.91,5.471892450893752,66.80493657596378,Senior
217,1,2,female,5.044248969430466,2,0,14.48,S,Mrs,3,0,Small,4.826666666666667,2.739548868161581,10.088497938860932,Child
218,0,3,female,39.28658313212316,0,0,31.03,S,Rare,1,1,Solo,31.03,3.466672963621067,117.8597493963695,Adult
219,1,3,male,27.55088836758658,0,0,12.38,C,Rare,1,1,Solo,12.38,2.5937610547000824,82.65266510275974,YoungAdult
220,1,3,female,25.18974142092027,0,0,11.56,Q,Rare,1,1,Solo,11.56,2.5305171610400525,75.56922426276081,YoungAdult
221,0,3,male,38.27080509228771,1,0,5.12,S,Rare,2,0,Small,2.56,1.8115620965242347,114.81241527686313,Adult
222,0,3,male,26.69179239534472,3,1,5.68,Q,Rare,5,0,Large,1.136,1.8991179875485542,80.07537718603416,YoungAdult
223,0,1,male,31.241590689451545,0,0,49.17,S,Master,1,1,Solo,49.17,3.9154172384961616,31.241590689451545,YoungAdult
224,0,2,male,26.37348190568649,0,0,36.4,C,Mr,1,1,Solo,36.4,3.6216707044204863,52.74696381137298,YoungAdult
225,0,2,male,26.363117809554154,0,0,18.2,S,Rare,1,1,Solo,18.2,2.954910279033736,52.72623561910831,YoungAdult
226,0,2,male,40.27483464867225,0,0,17.97,S,Mr,1,1,Solo,17.97,2.9428587839469227,80.5496692973445,Adult
227,0,3,female,6.076042213708035,2,0,11.0,S,Rare,3,0,Small,3.6666666666666665,2.4849066497880004,18.228126641124106,Child
228,0,2,male,31.37479928652925,0,1,23.01,C,Mr,2,0,Small,11.505,3.178470410233162,62.7495985730585,YoungAdult
229,0,3,male,26.69179239534472,3,0,19.68,Q,Mr,4,0,Small,4.92,3.0291670496402285,80.07537718603416,YoungAdult
230,1,3,female,24.09201274809004,0,0,13.35,S,Rare,1,1,Solo,13.35,2.66374994220563,72.27603824427011,YoungAdult
231,1,3,female,48.6705061214777,3,0,8.31,S,Mrs,4,0,Small,2.0775,2.231089091288976,146.0115183644331,Adult
232,1,3,female,8.368144691212024,0,0,10.08,S,Mrs,1,1,Solo,10.08,2.405141681319138,25.10443407363607,Child
233,1,3,female,31.06707090203049,2,2,20.61,S,Rare,5,0,Large,4.122,3.0731561705187946,93.20121270609147,YoungAdult
234,0,3,female,25.18974142092027,2,0,7.84,S,Mrs,3,0,Small,2.6133333333333333,2.179286876649552,75.56922426276081,YoungAdult
235,1,1,male,42.18254071711961,3,0,170.1,S,Mr,4,0,Small,42.525,5.1422481808981475,42.18254071711961,Adult
236,1,3,male,20.147230921792463,0,0,7.09,Q,Rare,1,1,Solo,7.09,2.0906287310704004,60.44169276537739,YoungAdult
237,0,2,male,12.808046562333589,0,0,10.1,S,Mr,1,1,Solo,10.1,2.4069451083182885,25.616093124667177,Teen
238,1,1,male,54.07823992875457,0,1,96.04,S,Mr,2,0,Small,48.02,4.575123264635795,54.07823992875457,Adult
239,0,3,male,27.34578077863949,0,1,16.08,S,Rare,2,0,Small,8.04,2.837908188360424,82.03734233591847,YoungAdult
240,1,1,female,17.864108303556865,0,1,117.03,S,Rare,2,0,Small,58.515,4.770938829440977,17.864108303556865,Teen
241,0,3,male,30.23170467400055,0,0,26.58,C,Mr,1,1,Solo,26.58,3.3170908723651555,90.69511402200165,YoungAdult
242,1,3,male,26.69179239534472,0,0,13.01,S,Rare,1,1,Solo,13.01,2.6397713603489157,80.07537718603416,YoungAdult
243,0,3,male,33.184833880751576,0,0,7.72,S,Rare,1,1,Solo,7.72,2.1656192379208883,99.55450164225473,YoungAdult
244,1,2,female,27.93241226479933,0,0,22.97,S,Rare,1,1,Solo,22.97,3.176803048446293,55.86482452959866,YoungAdult
245,0,1,male,39.61036510806384,0,0,147.94,S,Rare,1,1,Solo,147.94,5.003543540282499,39.61036510806384,Adult
246,1,3,female,49.56234634863469,0,0,7.78,S,Miss,1,1,Solo,7.78,2.172476407647025,148.68703904590407,Adult
247,1,2,male,18.93171635461592,0,1,23.21,S,Rare,2,0,Small,11.605,3.1867657709499673,37.86343270923184,YoungAdult
248,1,3,male,26.69179239534472,0,0,20.31,S,Master,1,1,Solo,20.31,3.0591764461105257,80.07537718603416,YoungAdult
249,1,3,male,48.89863962645681,0,0,10.55,S,Rare,1,1,Solo,10.55,2.446685436967803,146.69591887937042,Adult
250,1,3,female,25.18974142092027,2,1,14.09,S,Rare,4,0,Small,3.5225,2.7140322727797574,75.56922426276081,YoungAdult
251,1,2,male,25.924114079758827,4,0,25.07,S,Mr,5,0,Large,5.014,3.2607852279454104,51.84822815951765,YoungAdult
252,1,2,female,41.98341952570428,4,0,23.14,S,Miss,5,0,Large,4.628,3.1838702156693857,83.96683905140856,Adult
253,0,3,male,35.08881378555459,2,0,29.75,S,Rare,3,0,Small,9.916666666666666,3.4258899942525267,105.26644135666378,Adult
254,1,2,male,35.46122837587394,0,0,49.16,Q,Mr,1,1,Solo,49.16,3.9152178963246653,70.92245675174787,Adult
255,1,1,female,24.628283889109056,1,0,88.42,S,Miss,2,0,Small,44.21,4.4933443708058345,24.628283889109056,YoungAdult
256,0,3,female,18.613977242473727,0,0,6.82,S,Rare,1,1,Solo,6.82,2.05668455455722,55.84193172742118,YoungAdult
257,0,3,female,25.18974142092027,0,0,6.27,S,Miss,1,1,Solo,6.27,1.9837562915454279,75.56922426276081,YoungAdult
258,1,3,female,24.07334745732345,0,0,20.49,S,Rare,1,1,Solo,20.49,3.067587710654419,72.22004237197035,YoungAdult
259,1,3,female,30.110123903557948,0,2,14.14,S,Rare,3,0,Small,4.713333333333334,2.717340248009303,90.33037171067384,YoungAdult
260,0,1,female,57.771087775816014,0,0,74.15,C,Miss,1,1,Solo,74.15,4.319486116198983,57.771087775816014,Adult
261,1,3,female,25.18974142092027,0,0,7.51,S,Rare,1,1,Solo,7.51,2.1412419425852827,75.56922426276081,YoungAdult
262,0,3,female,37.767291850730274,1,0,17.9,S,Mrs,2,0,Small,8.95,2.9391619220655967,113.30187555219082,Adult
263,1,1,female,39.0560709446223,0,0,48.12,S,Rare,1,1,Solo,48.12,3.894266283838887,39.0560709446223,Adult
264,0,3,male,26.69179239534472,0,0,13.88,Q,Rare,1,1,Solo,13.88,2.700018029404946,80.07537718603416,YoungAdult
265,1,3,female,30.33037992748806,0,0,8.07,S,Rare,1,1,Solo,8.07,2.2049722641270453,90.99113978246419,YoungAdult
266,0,3,male,38.21587549282914,0,0,8.84,S,Master,1,1,Solo,8.84,2.286455711064162,114.64762647848742,Adult
267,1,3,female,30.598543737401524,0,0,42.43,Q,Rare,1,1,Solo,42.43,3.7711504465467307,91.79563121220457,YoungAdult
268,0,3,female,41.15470907443298,2,1,7.28,C,Miss,4,0,Small,1.82,2.1138429683971682,123.46412722329893,Adult
269,1,2,male,13.639436161220653,0,0,32.31,C,Master,1,1,Solo,32.31,3.5058576522055884,27.278872322441305,Teen
270,1,2,female,27.93241226479933,0,0,25.15,S,Rare,1,1,Solo,25.15,3.263849190510932,55.86482452959866,YoungAdult
271,0,3,male,52.26921664536258,0,0,7.19,S,Rare,1,1,Solo,7.19,2.102913897864978,156.80764993608776,Adult
272,0,3,male,26.69179239534472,0,0,9.29,S,Master,1,1,Solo,9.29,2.331172549845958,80.07537718603416,YoungAdult
273,0,3,female,31.88493305205296,1,0,12.64,S,Mrs,2,0,Small,6.32,2.613006652415316,95.65479915615889,YoungAdult
274,1,3,male,9.684347001539969,0,0,10.25,S,Mr,1,1,Solo,10.25,2.4203681286504293,29.053041004619907,Child
275,0,3,female,9.540308590437547,1,2,9.92,C,Mrs,4,0,Small,2.48,2.390595970316759,28.620925771312642,Child
276,1,3,female,28.51258578570224,2,0,8.6,C,Rare,3,0,Small,2.8666666666666667,2.2617630984737906,85.53775735710671,YoungAdult
277,0,3,male,26.74625437321889,1,0,12.07,S,Rare,2,0,Small,6.035,2.570319527636131,80.23876311965667,YoungAdult
278,0,3,male,17.630529219900204,0,0,12.83,S,Mr,1,1,Solo,12.83,2.626840145676667,52.89158765970061,Teen
279,0,3,male,26.69179239534472,0,2,13.47,S,Mr,3,0,Small,4.49,2.6720775406433925,80.07537718603416,YoungAdult
280,0,3,male,44.06352313652315,0,0,5.58,C,Mr,1,1,Solo,5.58,1.884034745337226,132.19056940956946,Adult
281,0,3,female,33.34482969460358,0,1,12.98,S,Rare,2,0,Small,6.49,2.637627736805664,100.03448908381074,YoungAdult
282,1,2,male,31.37479928652925,1,0,49.59,S,Mr,2,0,Small,24.795,3.923753928303845,62.7495985730585,YoungAdult
283,0,2,male,36.95017811959166,1,0,31.23,S,Master,2,0,Small,15.615,3.4728976958273465,73.90035623918332,Adult
284,1,1,male,37.67984712781565,1,0,32.73,S,Mr,2,0,Small,16.365,3.5183876490735586,37.67984712781565,Adult
285,0,3,male,20.347601003097267,1,1,11.51,C,Mr,3,0,Small,3.8366666666666664,2.5265283244788197,61.0428030092918,YoungAdult
286,1,1,female,39.0560709446223,0,0,66.01,S,Mrs,1,1,Solo,66.01,4.20484186198508,39.0560709446223,Adult
287,1,3,male,19.268253008751937,0,0,26.23,S,Rare,1,1,Solo,26.23,3.3043193066856684,57.80475902625581,YoungAdult
288,1,3,female,9.938375536319262,0,0,6.63,C,Miss,1,1,Solo,6.63,2.0320878452963655,29.815126608957783,Child
289,0,2,male,31.113933098243667,2,1,26.85,S,Master,4,0,Small,6.7125,3.326832966373293,62.227866196487334,YoungAdult
290,0,3,female,18.27270835783228,1,0,8.99,S,Miss,2,0,Small,4.495,2.301584592660462,54.81812507349684,YoungAdult
291,0,1,male,32.515385913386496,1,0,34.93,S,Rare,2,0,Small,17.465,3.581572601125427,32.515385913386496,YoungAdult
292,1,1,male,39.61036510806384,1,0,42.77,S,Mr,2,0,Small,21.385,3.778948651202804,39.61036510806384,Adult
293,1,3,female,38.06523585060006,1,3,18.44,C,Mrs,5,0,Large,3.688,2.967332799032293,114.19570755180018,Adult
294,0,2,male,17.05439986772702,2,1,25.43,S,Rare,4,0,Small,6.3575,3.2744997286161976,34.10879973545404,Teen
295,1,1,female,55.04021929155695,1,0,56.66,C,Mrs,2,0,Small,28.33,4.054563692210256,55.04021929155695,Adult
296,1,3,female,10.940147832189258,0,0,13.67,S,Miss,1,1,Solo,13.67,2.6858045921548905,32.820443496567776,Child
297,0,3,male,45.34867453373038,0,0,6.86,S,Mr,1,1,Solo,6.86,2.061786606441115,136.04602360119114,Adult
298,1,1,male,31.957315621947323,0,2,125.63,S,Rare,3,0,Small,41.876666666666665,4.841269448462517,31.957315621947323,YoungAdult
299,1,3,female,25.18974142092027,0,0,19.59,C,Rare,1,1,Solo,19.59,3.0248055210396982,75.56922426276081,YoungAdult
300,0,1,male,37.661261510527176,0,0,128.23,S,Rare,1,1,Solo,128.23,4.8615937625371,37.661261510527176,Adult
301,1,1,male,25.348173949778207,0,0,54.8,S,Mr,1,1,Solo,54.8,4.021773869387265,25.348173949778207,YoungAdult
302,0,3,male,8.959294733488832,1,2,7.16,C,Master,4,0,Small,1.79,2.0992441689760155,26.877884200466497,Child
303,0,3,male,26.69179239534472,0,0,15.47,S,Mr,1,1,Solo,15.47,2.801540544189549,80.07537718603416,YoungAdult
304,1,3,male,26.58313560126349,3,0,6.13,S,Rare,4,0,Small,1.5325,1.9643112344262046,79.74940680379046,YoungAdult
305,0,3,female,19.54542737507867,0,1,14.12,S,Miss,2,0,Small,7.06,2.716018370751387,58.63628212523601,YoungAdult
306,1,3,female,22.37616067077957,0,0,19.78,C,Miss,1,1,Solo,19.78,3.0339909856710814,67.12848201233871,YoungAdult
307,1,3,female,23.903205309890627,0,0,7.08,S,Rare,1,1,Solo,7.08,2.089391872533004,71.70961592967188,YoungAdult
308,1,2,female,34.837371143889214,0,3,30.5,Q,Rare,4,0,Small,7.625,3.449987545831587,69.67474228777843,YoungAdult
309,0,3,male,25.6271018859698,0,2,5.27,S,Mr,3,0,Small,1.7566666666666666,1.8357763546448294,76.8813056579094,YoungAdult
310,0,2,female,29.309431510771912,0,1,16.93,Q,Rare,2,0,Small,8.465,2.8864752876170416,58.618863021543824,YoungAdult
311,0,2,male,45.90639547144216,0,0,19.4,S,Rare,1,1,Solo,19.4,3.0155349008501706,91.81279094288432,Adult
312,0,1,male,19.15628447654552,0,0,259.91,S,Rare,1,1,Solo,259.91,5.564175520269783,19.15628447654552,YoungAdult
313,1,1,male,39.76931411364976,0,2,119.01,C,Mr,3,0,Small,39.67,4.78757507264335,39.76931411364976,Adult
314,1,3,male,1.0,1,0,19.49,C,Master,2,0,Small,9.745,3.0199369622508083,3.0,Child
315,0,3,female,38.84308411980311,0,1,10.74,S,Mrs,2,0,Small,5.37,2.4630018143999504,116.52925235940933,Adult
316,0,3,female,25.18974142092027,0,2,6.16,S,Miss,3,0,Small,2.0533333333333332,1.9685099809725544,75.56922426276081,YoungAdult
317,1,2,male,31.37479928652925,1,0,20.96,C,Rare,2,0,Small,10.48,3.08922261664133,62.7495985730585,YoungAdult
318,1,1,male,40.51414494715437,0,1,44.18,S,Master,2,0,Small,22.09,3.810654511039857,40.51414494715437,Adult
319,1,1,female,39.0560709446223,2,1,100.19,S,Mrs,4,0,Small,25.0475,4.616999937741668,39.0560709446223,Adult
320,0,2,male,29.443296042949527,1,0,48.0,C,Mr,2,0,Small,24.0,3.8918202981106265,58.88659208589905,YoungAdult
321,0,3,male,12.872821360853038,1,0,9.21,S,Mr,2,0,Small,4.605,2.3233676321765744,38.618464082559115,Teen
322,0,3,male,18.81737927430109,0,0,7.74,S,Master,1,1,Solo,7.74,2.167910189667444,56.45213782290327,YoungAdult
323,1,3,female,43.36234238636021,1,0,5.12,C,Mrs,2,0,Small,2.56,1.8115620965242347,130.08702715908063,Adult
324,0,2,female,22.112896168051144,1,0,27.21,S,Miss,2,0,Small,13.605,3.339676525013905,44.22579233610229,YoungAdult
325,1,3,male,13.9052306274628,0,0,9.12,S,Rare,1,1,Solo,9.12,2.3145136638593193,41.7156918823884,Teen
326,1,3,male,5.828809964854813,0,1,8.76,Q,Rare,2,0,Small,4.38,2.278292400425001,17.486429894564438,Child
327,1,3,female,21.075792188682748,0,3,6.62,S,Miss,4,0,Small,1.655,2.030776369698555,63.22737656604824,YoungAdult
328,0,3,female,25.18974142092027,1,0,9.5,C,Mrs,2,0,Small,4.75,2.3513752571634776,75.56922426276081,YoungAdult
329,0,2,male,38.056248797559775,0,0,19.53,C,Rare,1,1,Solo,19.53,3.0218872310308424,76.11249759511955,Adult
330,1,2,female,21.74028894526682,1,0,18.73,S,Miss,2,0,Small,9.365,2.982140320034524,43.48057789053364,YoungAdult
331,0,2,male,31.37479928652925,0,2,12.84,S,Rare,3,0,Small,4.28,2.6275629501895237,62.7495985730585,YoungAdult
332,0,3,male,48.22184848072275,1,0,16.99,S,Rare,2,0,Small,8.495,2.8898160479624417,144.66554544216825,Adult
333,1,1,female,30.50540539664508,0,0,46.27,S,Mrs,1,1,Solo,46.27,3.855875844805145,30.50540539664508,YoungAdult
334,1,1,male,36.73253404774175,0,2,70.32,S,Mr,3,0,Small,23.439999999999998,4.267176792994939,36.73253404774175,Adult
335,0,1,male,42.647724627966205,0,0,50.22,S,Mr,1,1,Solo,50.22,3.9361300807713793,42.647724627966205,Adult
336,0,1,male,40.66699551690693,0,2,106.97,S,Mr,3,0,Small,35.656666666666666,4.681853410759049,40.66699551690693,Adult
337,0,3,male,39.16769094942573,0,2,5.12,S,Mr,3,0,Small,1.7066666666666668,1.8115620965242347,117.5030728482772,Adult
338,1,3,female,17.472238648584366,0,2,9.58,S,Miss,3,0,Small,3.1933333333333334,2.3589654264301534,52.4167159457531,Teen
339,0,3,male,25.54267250799979,0,0,7.03,S,Rare,1,1,Solo,7.03,2.0831845279586703,76.62801752399938,YoungAdult
340,1,1,female,34.36634651382516,2,0,67.26,S,Miss,3,0,Small,22.42,4.223323943478561,34.36634651382516,YoungAdult
341,0,3,male,26.69179239534472,1,1,9.3,S,Mr,3,0,Small,3.1,2.33214389523559,80.07537718603416,YoungAdult
342,1,3,male,8.53041342539079,0,0,15.98,S,Mr,1,1,Solo,15.98,2.8320361808832013,25.59124027617237,Child
343,0,1,male,24.903858171375667,0,0,42.17,S,Master,1,1,Solo,42.17,3.765145809567386,24.903858171375667,YoungAdult
344,1,2,female,20.45574061587956,0,0,18.58,S,Rare,1,1,Solo,18.58,2.9745086371023644,40.91148123175912,YoungAdult
345,0,2,male,31.37479928652925,1,0,33.68,S,Mr,2,0,Small,16.84,3.546163151912341,62.7495985730585,YoungAdult
346,1,3,female,18.59679632273,0,0,10.45,S,Mrs,1,1,Solo,10.45,2.4379897300002487,55.79038896819,YoungAdult
347,0,3,male,26.69179239534472,0,0,15.53,S,Master,1,1,Solo,15.53,2.8051769118329326,80.07537718603416,YoungAdult
348,1,1,female,63.73457147513172,0,0,48.68,S,Rare,1,1,Solo,48.68,3.905602437625223,63.73457147513172,Senior
349,0,2,male,31.37479928652925,1,0,22.16,S,Mr,2,0,Small,11.08,3.1424266527047946,62.7495985730585,YoungAdult
350,1,3,female,25.18974142092027,0,0,10.26,S,Miss,1,1,Solo,10.26,2.421256622711544,75.56922426276081,YoungAdult
351,1,3,female,30.217240774682693,1,0,11.77,Q,Rare,2,0,Small,5.885,2.547098670044448,90.65172232404808,YoungAdult
352,1,3,female,30.705168190319483,0,0,18.97,S,Miss,1,1,Solo,18.97,2.994231147427724,92.11550457095845,YoungAdult
353,1,3,female,15.453315184709412,0,0,7.58,Q,Mrs,1,1,Solo,7.58,2.149433913499871,46.35994555412824,Teen
354,1,1,female,15.37165148188777,0,0,109.63,S,Miss,1,1,Solo,109.63,4.70619130004682,15.37165148188777,Teen
355,0,1,male,23.24844613195104,0,0,53.28,S,Rare,1,1,Solo,53.28,3.9941558349666684,23.24844613195104,YoungAdult
356,0,3,male,26.69179239534472,0,0,10.28,S,Mr,1,1,Solo,10.28,2.423031246069913,80.07537718603416,YoungAdult
357,1,1,male,51.30430628763006,0,0,38.16,S,Mr,1,1,Solo,38.16,3.6676558176623097,51.30430628763006,Adult
358,1,3,female,1.0,0,0,37.45,S,Rare,1,1,Solo,37.45,3.649358695951653,3.0,Child
359,1,3,male,13.412022357721504,0,0,9.07,S,Rare,1,1,Solo,9.07,2.309560706730471,40.23606707316451,Teen
360,1,3,female,44.54999637881134,0,0,9.3,S,Mrs,1,1,Solo,9.3,2.33214389523559,133.64998913643404,Adult
361,0,2,male,34.0470127547575,3,0,32.53,S,Mr,4,0,Small,8.1325,3.512440560478137,68.094025509515,YoungAdult
362,0,3,male,10.913440427092327,0,2,8.14,S,Mr,3,0,Small,2.7133333333333334,2.2126603854660587,32.740321281276984,Child
363,1,3,male,22.624747252183816,0,0,17.17,S,Rare,1,1,Solo,17.17,2.89977188240808,67.87424175655144,YoungAdult
364,1,3,female,49.81487605796262,0,2,16.38,S,Rare,3,0,Small,5.46,2.8553201198372458,149.44462817388785,Adult
365,0,3,male,3.0198130335276865,0,0,10.21,S,Master,1,1,Solo,10.21,2.4168062370840686,9.05943910058306,Child
366,0,2,male,16.577189254141985,0,0,34.7,C,Mr,1,1,Solo,34.7,3.5751506887855933,33.15437850828397,Teen
367,0,3,male,42.96918019815551,0,0,7.96,S,Rare,1,1,Solo,7.96,2.192770226986839,128.90754059446652,Adult
368,0,3,male,47.29242812245279,0,0,7.77,S,Rare,1,1,Solo,7.77,2.1713368063840917,141.87728436735836,Adult
369,1,1,male,1.0,0,0,85.41,S,Mr,1,1,Solo,85.41,4.4591034098533076,1.0,Child
370,0,1,male,39.61036510806384,1,0,108.02,C,Mr,2,0,Small,54.01,4.691531351636135,39.61036510806384,Adult
371,1,1,female,28.842940436216068,0,0,37.34,S,Miss,1,1,Solo,37.34,3.6464937376174986,28.842940436216068,YoungAdult
372,1,1,male,12.371139444009604,0,0,83.22,S,Rare,1,1,Solo,83.22,4.433432422733782,12.371139444009604,Teen
373,0,1,male,45.15683639334973,0,1,95.97,S,Master,2,0,Small,47.985,4.574401652316455,45.15683639334973,Adult
374,0,3,male,15.25117181275096,0,0,9.53,S,Mr,1,1,Solo,9.53,2.354228326145884,45.753515438252876,Teen
375,1,1,male,36.07572079521231,1,2,157.29,S,Mr,4,0,Small,39.3225,5.064428793697647,36.07572079521231,Adult
376,0,2,male,30.20303834134484,0,0,34.11,S,Rare,1,1,Solo,34.11,3.558485990180341,60.40607668268968,YoungAdult
377,1,3,male,28.970215655386934,0,0,16.72,C,Master,1,1,Solo,16.72,2.8746939451769347,86.9106469661608,YoungAdult
378,1,1,male,56.40880235017666,0,0,88.14,S,Rare,1,1,Solo,88.14,4.49020816751841,56.40880235017666,Adult
379,0,3,male,35.55300449364884,0,0,10.12,S,Rare,1,1,Solo,10.12,2.4087452888224363,106.65901348094653,Adult
380,1,2,female,36.64029715085873,0,0,29.19,S,Miss,1,1,Solo,29.19,3.4075107437187473,73.28059430171746,Adult
381,1,1,female,39.0560709446223,0,0,37.13,S,Rare,1,1,Solo,37.13,3.6410013738694724,39.0560709446223,Adult
382,0,3,female,28.757585680157863,0,0,9.59,S,Rare,1,1,Solo,9.59,2.359910159613315,86.27275704047359,YoungAdult
383,1,3,male,26.69179239534472,0,2,33.59,S,Mr,3,0,Small,11.196666666666667,3.5435646229490776,80.07537718603416,YoungAdult
384,0,3,male,42.598490311343234,0,0,5.31,S,Mr,1,1,Solo,5.31,1.8421356765531218,127.79547093402971,Adult
385,0,3,male,11.661037005837386,0,2,8.04,S,Mr,3,0,Small,2.6799999999999997,2.201659174404085,34.98311101751216,Child
386,0,3,male,26.69179239534472,0,2,8.02,S,Mr,3,0,Small,2.6733333333333333,2.199444334074532,80.07537718603416,YoungAdult
387,0,2,female,37.19226585980219,1,1,49.82,S,Miss,3,0,Small,16.606666666666666,3.928289977892018,74.38453171960438,Adult
388,1,1,male,45.72079526456655,0,0,114.77,S,Master,1,1,Solo,114.77,4.751605464217637,45.72079526456655,Adult
389,0,3,male,29.16051973125904,0,0,12.92,S,Mr,1,1,Solo,12.92,2.6333266549062735,87.48155919377712,YoungAdult
390,0,3,male,55.138678619013085,0,0,5.8,Q,Mr,1,1,Solo,5.8,1.916922612182061,165.41603585703925,Adult
391,0,3,female,2.9190670659309674,0,0,5.8,S,Miss,1,1,Solo,5.8,1.916922612182061,8.757201197792902,Child
392,1,2,male,36.0216817972886,0,0,16.19,S,Rare,1,1,Solo,16.19,2.844327819394758,72.0433635945772,Adult
393,0,2,male,12.227208516016804,3,0,27.87,Q,Mr,4,0,Small,6.9675,3.3628029936748436,24.454417032033607,Teen
394,1,3,male,26.476938419874173,1,0,35.33,S,Mr,2,0,Small,17.665,3.5926438462331105,79.43081525962252,YoungAdult
395,0,2,male,13.977196908009384,0,0,10.36,Q,Mr,1,1,Solo,10.36,2.4300984132930052,27.95439381601877,Teen
396,0,3,male,9.409403638650108,0,0,9.71,S,Master,1,1,Solo,9.71,2.3711778844596574,28.228210915950324,Child
397,0,3,male,27.793440915281963,0,0,5.96,S,Rare,1,1,Solo,5.96,1.9401794743463283,83.38032274584589,YoungAdult
398,0,2,male,20.941966360415528,0,0,33.31,S,Mr,1,1,Solo,33.31,3.5354368568703585,41.883932720831055,YoungAdult
399,1,3,male,1.0,1,1,55.66,C,Mr,3,0,Small,18.55333333333333,4.03706849440237,3.0,Child
400,1,3,male,39.33510664616477,0,0,22.57,S,Rare,1,1,Solo,22.57,3.1599747169480397,118.0053199384943,Adult
401,1,1,male,39.61036510806384,0,0,355.83,Q,Mr,1,1,Solo,355.83,5.8772594778887575,39.61036510806384,Adult
402,1,3,male,25.61993172221296,0,1,11.63,S,Mr,2,0,Small,5.815,2.5360749363624,76.85979516663889,YoungAdult
403,1,3,female,27.74889625846843,0,0,13.35,C,Rare,1,1,Solo,13.35,2.66374994220563,83.24668877540529,YoungAdult
404,0,3,female,37.891816152586735,1,0,6.88,S,Miss,2,0,Small,3.44,2.064327903869788,113.67544845776021,Adult
405,0,2,male,9.657563972293282,0,0,22.61,S,Mr,1,1,Solo,22.61,3.1616703510974213,19.315127944586564,Child
406,1,3,male,26.69179239534472,0,0,23.78,Q,Mr,1,1,Solo,23.78,3.2100368762009963,80.07537718603416,YoungAdult
407,0,2,male,31.37479928652925,0,0,22.46,Q,Mr,1,1,Solo,22.46,3.1552968432253294,62.7495985730585,YoungAdult
408,0,1,male,39.61036510806384,1,0,33.82,S,Master,2,0,Small,16.91,3.550191934340043,39.61036510806384,Adult
409,0,3,female,28.849428711192207,1,0,17.48,S,Miss,2,0,Small,8.74,2.916689066213538,86.54828613357662,YoungAdult
410,0,1,male,39.61036510806384,0,0,43.74,S,Mr,1,1,Solo,43.74,3.8008679560619836,39.61036510806384,Adult
411,1,2,female,39.51431915574784,0,1,20.35,S,Rare,2,0,Small,10.175,3.0610517396746335,79.02863831149568,Adult
412,0,3,male,28.443470251620504,0,0,6.5,S,Rare,1,1,Solo,6.5,2.0149030205422647,85.3304107548615,YoungAdult
413,0,3,male,26.69179239534472,0,1,5.66,S,Master,2,0,Small,2.83,1.8961194845522977,80.07537718603416,YoungAdult
414,1,3,female,17.34060728165807,0,0,14.46,S,Miss,1,1,Solo,14.46,2.738256043159276,52.02182184497421,Teen
415,1,3,female,15.215492460206548,0,0,17.29,S,Rare,1,1,Solo,17.29,2.906354462402774,45.64647738061964,Teen
416,1,3,female,12.2051808172093,0,0,19.01,S,Miss,1,1,Solo,19.01,2.996232148595642,36.6155424516279,Teen
417,1,2,female,27.93241226479933,0,0,21.96,S,Miss,1,1,Solo,21.96,3.133753571451366,55.86482452959866,YoungAdult
418,0,2,male,16.783119328505535,4,0,18.24,S,Mr,5,0,Large,3.6479999999999997,2.9569914452375605,33.56623865701107,Teen
419,1,3,female,48.04441002573114,0,1,71.08,S,Mrs,2,0,Small,35.54,4.277776613300082,144.13323007719342,Adult
420,1,3,male,10.325259765333232,0,0,7.24,S,Rare,1,1,Solo,7.24,2.1090003439213802,30.975779295999697,Child
421,0,3,female,25.85504499893071,0,0,16.53,S,Rare,1,1,Solo,16.53,2.863913698933143,77.56513499679212,YoungAdult
422,0,3,male,9.47790849755085,0,0,12.06,S,Mr,1,1,Solo,12.06,2.569554123848285,28.43372549265255,Child
423,1,1,female,12.75604453241677,0,1,107.04,C,Miss,2,0,Small,53.52,4.682501528924415,12.75604453241677,Teen
424,1,3,male,13.982476199001102,2,0,37.1,S,Mr,3,0,Small,12.366666666666667,3.6402142821326553,41.94742859700331,Teen
425,1,1,male,41.73977311416077,0,0,71.48,Q,Mr,1,1,Solo,71.48,4.283310661734724,41.73977311416077,Adult
426,0,3,male,20.24524386277888,4,0,6.1,S,Rare,5,0,Large,1.22,1.9600947840472698,60.73573158833665,YoungAdult
427,1,2,female,27.93241226479933,0,0,42.76,C,Rare,1,1,Solo,42.76,3.7787201581137255,55.86482452959866,YoungAdult
428,0,3,male,32.249450675062214,0,2,14.33,S,Rare,3,0,Small,4.776666666666666,2.7298116928837226,96.74835202518665,YoungAdult
429,0,2,male,44.182745527417566,0,1,60.81,S,Master,2,0,Small,30.405,4.124065163671182,88.36549105483513,Adult
430,1,1,male,39.61036510806384,0,0,56.79,S,Mr,1,1,Solo,56.79,4.056815750329687,39.61036510806384,Adult
431,1,1,male,60.57108879557594,0,0,35.65,S,Mr,1,1,Solo,35.65,3.6014134283326604,60.57108879557594,Senior
432,1,3,female,38.75729044480873,1,1,5.71,S,Miss,3,0,Small,1.9033333333333333,1.9035989509835904,116.2718713344262,Adult
433,0,3,male,13.319453943675583,1,0,7.4,S,Rare,2,0,Small,3.7,2.128231705849268,39.95836183102675,Teen
434,1,1,female,25.523308844185976,1,3,36.38,S,Mrs,5,0,Large,7.276000000000001,3.6211358020274167,25.523308844185976,YoungAdult
435,0,1,male,39.61036510806384,1,0,43.31,S,Mr,2,0,Small,21.655,3.7912103852113983,39.61036510806384,Adult
436,0,3,male,22.270284880559107,1,0,24.71,S,Mr,2,0,Small,12.355,3.246880021277798,66.81085464167732,YoungAdult
437,1,1,female,35.04417665641228,0,0,30.13,Q,Rare,1,1,Solo,30.13,3.4381719844535166,35.04417665641228,Adult
438,1,3,female,25.18974142092027,0,0,9.23,S,Rare,1,1,Solo,9.23,2.325324579963535,75.56922426276081,YoungAdult
439,0,3,male,26.69179239534472,1,2,5.15,S,Rare,4,0,Small,1.2875,1.8164520818184267,80.07537718603416,YoungAdult
440,1,1,male,39.61036510806384,0,0,182.02,S,Mr,1,1,Solo,182.02,5.209595436487232,39.61036510806384,Adult
441,0,1,female,39.0560709446223,1,0,35.9,C,Rare,2,0,Small,17.95,3.6082115510464816,39.0560709446223,Adult
442,0,3,male,26.69179239534472,0,0,12.65,S,Master,1,1,Solo,12.65,2.613739521630969,80.07537718603416,YoungAdult
443,1,2,female,27.93241226479933,0,0,23.16,S,Rare,1,1,Solo,23.16,3.184698373066614,55.86482452959866,YoungAdult
444,1,2,female,38.13160421880347,2,0,38.21,S,Miss,3,0,Small,12.736666666666666,3.6689318163042404,76.26320843760693,Adult
445,1,3,female,8.805085461381616,0,1,7.97,S,Rare,2,0,Small,3.985,2.1938856760707046,26.415256384144847,Child
446,0,3,male,20.017434785136743,0,0,10.27,S,Mr,1,1,Solo,10.27,2.422144328051685,60.05230435541023,YoungAdult
447,1,3,female,25.408328932866784,1,0,8.12,C,Miss,2,0,Small,4.06,2.21046980408624,76.22498679860036,YoungAdult
448,1,3,male,26.69179239534472,2,0,19.61,C,Master,3,0,Small,6.536666666666666,3.0257763949023677,80.07537718603416,YoungAdult
449,0,2,male,23.42529284459482,0,0,46.45,S,Rare,1,1,Solo,46.45,3.859676525055937,46.85058568918964,YoungAdult
450,1,1,male,41.26502583768902,1,1,69.66,C,Rare,3,0,Small,23.22,4.257879641930999,41.26502583768902,Adult
451,0,3,male,33.31426906981374,2,0,6.18,S,Rare,3,0,Small,2.06,1.9712993830601329,99.94280720944121,YoungAdult
452,1,3,female,33.81565054551196,2,0,14.29,S,Rare,3,0,Small,4.763333333333333,2.727199019940971,101.44695163653587,YoungAdult
453,1,2,female,30.048043734022016,2,0,17.76,S,Mrs,3,0,Small,5.920000000000001,2.9317269435780786,60.09608746804403,YoungAdult
454,0,3,female,21.590138824854435,0,0,12.5,S,Miss,1,1,Solo,12.5,2.6026896854443837,64.7704164745633,YoungAdult
455,0,1,male,39.61036510806384,0,0,100.76,S,Rare,1,1,Solo,100.76,4.622617099591812,39.61036510806384,Adult
456,0,3,male,35.73576625088647,0,0,30.98,S,Mr,1,1,Solo,30.98,3.4651107074058083,107.20729875265941,Adult
457,1,1,male,39.61036510806384,0,0,190.99,S,Master,1,1,Solo,190.99,5.257443287338065,39.61036510806384,Adult
458,1,3,female,29.21775880422642,0,0,7.4,S,Rare,1,1,Solo,7.4,2.128231705849268,87.65327641267926,YoungAdult
459,1,1,male,36.20047483985497,0,0,48.71,S,Mr,1,1,Solo,48.71,3.906206120106581,36.20047483985497,Adult
460,1,1,female,11.654113363033051,0,2,74.06,C,Rare,3,0,Small,24.686666666666667,4.318287793706875,11.654113363033051,Child
461,0,1,male,30.31785129162654,0,0,80.05,S,Rare,1,1,Solo,80.05,4.395066248181685,30.31785129162654,YoungAdult
462,0,3,male,26.69179239534472,0,0,7.89,S,Master,1,1,Solo,7.89,2.1849270495258133,80.07537718603416,YoungAdult
463,1,3,female,14.988123454101014,1,0,8.39,C,Miss,2,0,Small,4.195,2.2396452932201716,44.96437036230304,Teen
464,0,3,male,34.16835737887431,0,0,42.73,S,Mr,1,1,Solo,42.73,3.778034365424829,102.50507213662294,YoungAdult
465,1,3,female,25.18974142092027,0,0,5.86,S,Miss,1,1,Solo,5.86,1.925707441737794,75.56922426276081,YoungAdult
466,1,2,female,50.20408546929207,0,0,13.45,S,Rare,1,1,Solo,13.45,2.670694414558441,100.40817093858414,Adult
467,0,2,male,41.10168769517891,0,0,40.99,Q,Mr,1,1,Solo,40.99,3.737431494696102,82.20337539035782,Adult
468,0,3,male,17.388569827727164,2,0,18.77,S,Rare,3,0,Small,6.256666666666667,2.9841656371825254,52.16570948318149,Teen
469,0,1,male,28.95281766218676,0,0,41.65,S,Mr,1,1,Solo,41.65,3.753027273937688,28.95281766218676,YoungAdult
470,1,3,female,33.930228523780414,0,1,13.97,S,Miss,2,0,Small,6.985,2.706048198431537,101.79068557134124,YoungAdult
471,0,1,male,21.28908435540928,0,0,34.38,S,Rare,1,1,Solo,34.38,3.566146688731639,21.28908435540928,YoungAdult
472,1,3,male,28.201820755544823,0,0,13.94,Q,Mr,1,1,Solo,13.94,2.7040421797046714,84.60546226663448,YoungAdult
473,1,1,male,52.00815245260169,0,0,71.97,S,Master,1,1,Solo,71.97,4.290048397777529,52.00815245260169,Adult
474,0,3,female,29.440733383227464,0,0,9.07,S,Rare,1,1,Solo,9.07,2.309560706730471,88.32220014968239,YoungAdult
475,0,3,male,26.69179239534472,0,1,10.91,S,Mr,2,0,Small,5.455,2.477378383367209,80.07537718603416,YoungAdult
476,1,3,female,25.18974142092027,1,2,9.11,C,Miss,4,0,Small,2.2775,2.3135250330323798,75.56922426276081,YoungAdult
477,1,1,female,39.0560709446223,1,0,59.05,S,Miss,2,0,Small,29.525,4.095177548525992,39.0560709446223,Adult
478,0,3,male,22.809172307445507,0,0,18.01,Q,Rare,1,1,Solo,18.01,2.944965156500338,68.42751692233652,YoungAdult
479,0,3,male,13.120506489375831,0,0,7.54,S,Rare,1,1,Solo,7.54,2.1447610078004784,39.3615194681275,Teen
480,0,3,female,25.18974142092027,0,1,15.27,S,Miss,2,0,Small,7.635,2.7893229212309465,75.56922426276081,YoungAdult
481,0,3,male,15.267989636453862,0,3,6.85,S,Rare,4,0,Small,1.7125,2.060513531794317,45.803968909361586,Teen
482,1,3,female,11.63144259805608,0,0,7.3,C,Mrs,1,1,Solo,7.3,2.1162555148025524,34.894327794168234,Child
483,0,3,male,28.103933774264657,1,0,8.28,C,Mr,2,0,Small,4.14,2.2278615467981093,84.31180132279397,YoungAdult
484,0,3,male,27.55287731029192,0,0,12.12,S,Mr,1,1,Solo,12.12,2.574137783515943,82.65863193087576,YoungAdult
485,0,3,female,34.39448481938287,1,0,9.85,S,Miss,2,0,Small,4.925,2.3841650799864684,103.1834544581486,YoungAdult
486,1,3,male,19.82649316509881,0,0,15.94,C,Mr,1,1,Solo,15.94,2.8296776892239084,59.47947949529643,YoungAdult
487,1,1,male,22.726469976987225,3,0,71.62,S,Mr,4,0,Small,17.905,4.28524036598619,22.726469976987225,YoungAdult
488,1,2,male,31.37479928652925,0,0,59.96,S,Mr,1,1,Solo,59.96,4.110217911378391,62.7495985730585,YoungAdult
489,1,3,male,30.337285693979137,1,0,16.99,S,Mr,2,0,Small,8.495,2.8898160479624417,91.0118570819374,YoungAdult
490,1,3,male,26.69179239534472,0,0,18.79,S,Mr,1,1,Solo,18.79,2.9851767596144745,80.07537718603416,YoungAdult
491,0,3,male,26.792361787254265,1,0,5.49,S,Rare,2,0,Small,2.745,1.8702625307159986,80.3770853617628,YoungAdult
492,0,3,female,25.18974142092027,1,0,12.55,S,Rare,2,0,Small,6.275,2.60638654732571,75.56922426276081,YoungAdult
493,0,2,male,40.66447216396193,0,0,31.35,S,Master,1,1,Solo,31.35,3.4766140209469096,81.32894432792386,Adult
494,1,1,female,57.53957335105939,0,1,163.47,C,Mrs,2,0,Small,81.735,5.102728182753178,57.53957335105939,Adult
495,1,3,male,26.92587548768176,1,1,21.6,S,Mr,3,0,Small,7.2,3.1179499062782403,80.77762646304528,YoungAdult
496,1,2,female,23.286414629461568,0,0,10.95,C,Miss,1,1,Solo,10.95,2.4807312783775197,46.572829258923136,YoungAdult
497,1,3,male,20.679528774916207,0,0,17.01,S,Rare,1,1,Solo,17.01,2.8909271591878647,62.03858632474862,YoungAdult
498,1,1,female,39.0560709446223,1,0,59.52,S,Miss,2,0,Small,29.76,4.102973888920155,39.0560709446223,Adult
499,0,3,male,29.480182716536778,0,0,18.37,S,Mr,1,1,Solo,18.37,2.9637254774189046,88.44054814961034,YoungAdult
500,1,3,male,28.74853852559886,0,0,11.1,C,Rare,1,1,Solo,11.1,2.4932054526026954,86.24561557679658,YoungAdult
501,1,3,male,39.31282198499697,0,1,5.43,S,Rare,2,0,Small,2.715,1.860974538249528,117.93846595499092,Adult
502,0,3,male,9.905582129093348,1,0,9.88,C,Rare,2,0,Small,4.94,2.3869262414277967,29.716746387280047,Child
503,0,2,male,26.29661858619428,0,3,31.32,S,Rare,4,0,Small,7.83,3.4756862336528944,52.59323717238856,YoungAdult
504,0,3,male,32.08506473501756,0,3,22.5,S,Rare,4,0,Small,5.625,3.1570004211501135,96.25519420505267,YoungAdult
505,0,3,female,23.294241556713448,0,1,5.86,Q,Miss,2,0,Small,2.93,1.925707441737794,69.88272467014035,YoungAdult
506,1,1,male,43.93685462249726,1,0,42.69,S,Rare,2,0,Small,21.345,3.7771192429633444,43.93685462249726,Adult
507,0,3,male,37.353489779180286,0,0,18.11,S,Mr,1,1,Solo,18.11,2.950211758252182,112.06046933754087,Adult
508,1,3,male,35.4677845603414,1,0,7.53,Q,Master,2,0,Small,3.765,2.143589361503588,106.4033536810242,Adult
509,1,3,female,11.283768255115255,0,0,10.1,S,Miss,1,1,Solo,10.1,2.4069451083182885,33.851304765345766,Child
510,0,3,male,34.84189824106581,1,0,14.93,S,Rare,2,0,Small,7.465,2.768204123921957,104.52569472319743,YoungAdult
511,0,3,male,24.223736739609777,3,0,9.62,Q,Mr,4,0,Small,2.405,2.362739015813793,72.67121021882933,YoungAdult
512,1,2,male,23.666362024465947,0,0,36.72,S,Mr,1,1,Solo,36.72,3.6301904577652566,47.332724048931894,YoungAdult
513,1,3,female,25.87836389202033,0,2,14.79,C,Miss,3,0,Small,4.93,2.7593768282675506,77.635091676061,YoungAdult
514,1,3,female,23.19708413442088,1,0,24.41,S,Mrs,2,0,Small,12.205,3.2351427973320726,69.59125240326264,YoungAdult
515,1,1,male,34.376855122660565,0,0,95.51,C,Mr,1,1,Solo,95.51,4.569646629919045,34.376855122660565,YoungAdult
516,1,1,female,39.0560709446223,0,1,66.17,S,Rare,2,0,Small,33.085,4.207226719278773,39.0560709446223,Adult
517,0,2,female,32.358546061481626,1,0,28.88,Q,Miss,2,0,Small,14.44,3.3971893602646164,64.71709212296325,YoungAdult
518,0,3,male,26.69179239534472,4,0,6.62,S,Rare,5,0,Large,1.324,2.030776369698555,80.07537718603416,YoungAdult
519,0,3,female,27.14433660172571,0,3,13.24,S,Rare,4,0,Small,3.31,2.65605490598383,81.43300980517712,YoungAdult
520,0,1,male,33.32652714341586,0,1,88.36,S,Mr,2,0,Small,44.18,4.492673154760945,33.32652714341586,YoungAdult
521,0,3,male,32.237136219386,0,0,20.73,S,Mr,1,1,Solo,20.73,3.078693794268338,96.711408658158,YoungAdult
522,0,2,male,29.591290785127907,0,1,57.07,C,Master,2,0,Small,28.535,4.061649179383958,59.18258157025581,YoungAdult
523,0,3,male,26.69179239534472,1,0,9.55,C,Master,2,0,Small,4.775,2.3561258599220753,80.07537718603416,YoungAdult
524,0,3,male,28.177303731735755,1,1,9.04,S,Mr,3,0,Small,3.013333333333333,2.306577114263583,84.53191119520727,YoungAdult
525,1,3,female,40.304688855988175,1,1,27.25,C,Mrs,3,0,Small,9.083333333333334,3.34109345759245,120.91406656796453,Adult
526,0,3,male,23.17942679707325,0,0,6.33,S,Rare,1,1,Solo,6.33,1.9919755158985601,69.53828039121976,YoungAdult
527,0,2,male,33.91439540949265,0,0,12.13,S,Rare,1,1,Solo,12.13,2.574899688314705,67.8287908189853,YoungAdult
528,0,2,male,32.38984871219256,0,0,75.34,S,Mr,1,1,Solo,75.34,4.3351970473170836,64.77969742438512,YoungAdult
529,1,1,female,62.255209992791286,0,0,39.16,S,Miss,1,1,Solo,39.16,3.6928714753834737,62.255209992791286,Senior
530,0,3,male,37.6884196645387,1,2,6.88,S,Rare,4,0,Small,1.72,2.064327903869788,113.0652589936161,Adult
531,1,3,male,35.466364000875735,0,0,7.2,C,Mr,1,1,Solo,7.2,2.1041341542702074,106.39909200262721,Adult
532,0,3,male,21.21895922567069,0,0,6.11,S,Rare,1,1,Solo,6.11,1.9615022438151495,63.656877677012076,YoungAdult
533,0,3,male,18.13904749652726,0,1,15.05,S,Rare,2,0,Small,7.525,2.775708849576025,54.417142489581785,YoungAdult
534,1,3,female,25.18974142092027,3,2,5.57,S,Miss,6,0,Large,0.9283333333333333,1.8825138324965192,75.56922426276081,YoungAdult
535,1,3,female,36.19753686809283,1,1,8.22,C,Miss,3,0,Small,2.74,2.2213750375685026,108.59261060427849,Adult
536,0,3,male,26.69179239534472,1,0,7.66,S,Rare,2,0,Small,3.83,2.1587147225743437,80.07537718603416,YoungAdult
537,1,3,female,37.78206358857264,0,0,11.48,S,Mrs,1,1,Solo,11.48,2.5241273629412815,113.34619076571792,Adult
538,0,2,male,31.37479928652925,0,0,22.75,S,Rare,1,1,Solo,22.75,3.1675825304806504,62.7495985730585,YoungAdult
539,1,3,female,14.004148971118964,0,0,11.09,C,Rare,1,1,Solo,11.09,2.492378664626701,42.01244691335689,Teen
540,0,1,male,39.61036510806384,0,0,96.89,S,Mr,1,1,Solo,96.89,4.583844399273339,39.61036510806384,Adult
541,0,3,male,23.315499293135964,0,0,29.2,C,Rare,1,1,Solo,29.2,3.407841924380824,69.9464978794079,YoungAdult
542,0,3,male,28.69135201827036,0,0,8.59,S,Mr,1,1,Solo,8.59,2.2607208888953467,86.07405605481108,YoungAdult
543,1,1,female,67.03715737649964,0,3,31.07,C,Miss,4,0,Small,7.7675,3.4679210137050633,67.03715737649964,Senior
544,0,3,male,41.226432146405735,0,0,15.74,S,Master,1,1,Solo,15.74,2.8178010650613294,123.67929643921721,Adult
545,0,3,male,30.088802338221413,0,0,22.88,S,Mr,1,1,Solo,22.88,3.1730412885244013,90.26640701466424,YoungAdult
546,0,2,male,35.11936487681127,1,0,43.19,S,Mr,2,0,Small,21.595,3.7884985191426486,70.23872975362254,Adult
547,1,1,female,39.0560709446223,0,0,40.72,S,Rare,1,1,Solo,40.72,3.7309806301325716,39.0560709446223,Adult
548,0,3,male,9.210210202869916,1,0,9.3,S,Mr,2,0,Small,4.65,2.33214389523559,27.63063060860975,Child
549,0,3,female,28.37211100338168,0,1,20.2,Q,Miss,2,0,Small,10.1,3.054001181677967,85.11633301014504,YoungAdult
550,1,3,female,25.18974142092027,0,0,7.09,Q,Rare,1,1,Solo,7.09,2.0906287310704004,75.56922426276081,YoungAdult
551,0,3,male,37.15164891572886,1,0,7.19,C,Mr,2,0,Small,3.595,2.102913897864978,111.4549467471866,Adult
552,1,3,female,23.10215386753216,1,0,8.73,S,Rare,2,0,Small,4.365,2.2752138961979136,69.30646160259647,YoungAdult
553,0,3,male,26.69179239534472,0,0,7.09,S,Mr,1,1,Solo,7.09,2.0906287310704004,80.07537718603416,YoungAdult
554,0,3,female,52.69499500739333,0,0,11.59,S,Mrs,1,1,Solo,11.59,2.532902848056256,158.08498502217998,Adult
555,1,3,male,22.8226111690298,0,0,6.16,S,Rare,1,1,Solo,6.16,1.9685099809725544,68.4678335070894,YoungAdult
556,1,2,female,27.93241226479933,1,0,59.32,Q,Mrs,2,0,Small,29.66,4.099663723699701,55.86482452959866,YoungAdult
557,1,1,female,53.201008549150856,1,1,52.83,S,Miss,3,0,Small,17.61,3.985830932572866,53.201008549150856,Adult
558,1,1,female,39.37176414859253,1,0,55.13,S,Miss,2,0,Small,27.565,4.027670428954108,39.37176414859253,Adult
559,1,3,female,5.343651310767797,0,0,16.03,S,Miss,1,1,Solo,16.03,2.834976494674597,16.03095393230339,Child
560,0,3,male,3.5634944157437616,0,1,5.96,C,Rare,2,0,Small,2.98,1.9401794743463283,10.690483247231285,Child
561,0,3,male,17.535582333347424,0,0,7.28,S,Rare,1,1,Solo,7.28,2.1138429683971682,52.606747000042276,Teen
562,1,1,female,39.0560709446223,0,2,35.29,C,Rare,3,0,Small,11.763333333333334,3.591542221224979,39.0560709446223,Adult
563,0,1,male,46.70200645798471,0,0,99.31,S,Mr,1,1,Solo,99.31,4.608265390895394,46.70200645798471,Adult
564,1,1,male,32.825455295389126,0,0,103.81,S,Master,1,1,Solo,103.81,4.652149187182086,32.825455295389126,YoungAdult
565,1,2,female,51.137465899706825,0,0,11.48,C,Rare,1,1,Solo,11.48,2.5241273629412815,102.27493179941365,Adult
566,1,3,female,25.18974142092027,3,0,24.32,S,Miss,4,0,Small,6.08,3.2315945972759756,75.56922426276081,YoungAdult
567,1,2,female,27.93241226479933,1,0,40.43,S,Rare,2,0,Small,20.215,3.7240052560893107,55.86482452959866,YoungAdult
568,0,2,male,33.843118353712235,0,0,12.19,S,Mr,1,1,Solo,12.19,2.579458966729223,67.68623670742447,YoungAdult
569,1,3,female,1.0,0,0,6.76,S,Miss,1,1,Solo,6.76,2.048982334195127,3.0,Child
570,1,2,male,49.20014753953757,0,0,12.13,S,Rare,1,1,Solo,12.13,2.574899688314705,98.40029507907514,Adult
571,1,3,female,34.518108258624125,0,3,14.24,S,Rare,4,0,Small,3.56,2.7239235502585,103.55432477587237,YoungAdult
572,0,3,male,23.535314414544672,0,1,6.07,S,Master,2,0,Small,3.035,1.9558604799084813,70.60594324363402,YoungAdult
573,1,2,female,15.735067140773026,1,0,82.53,S,Rare,2,0,Small,41.265,4.425205848767815,31.470134281546052,Teen
574,1,3,female,23.087653214249123,1,1,5.15,S,Rare,3,0,Small,1.7166666666666668,1.8164520818184267,69.26295964274738,YoungAdult
575,0,3,male,20.55300685119061,0,2,10.27,S,Mr,3,0,Small,3.4233333333333333,2.422144328051685,61.65902055357183,YoungAdult
576,1,3,female,8.823434656717993,0,0,8.22,C,Mrs,1,1,Solo,8.22,2.2213750375685026,26.470303970153978,Child
577,0,1,male,52.78479532692472,0,0,62.84,C,Rare,1,1,Solo,62.84,4.1563799531415535,52.78479532692472,Adult
578,1,3,female,31.25535886016577,0,1,8.0,S,Miss,2,0,Small,4.0,2.1972245773362196,93.76607658049731,YoungAdult
579,0,3,female,25.18974142092027,0,0,19.03,S,Rare,1,1,Solo,19.03,2.997231149677727,75.56922426276081,YoungAdult
580,1,2,male,15.636783690187238,1,0,26.86,S,Mr,2,0,Small,13.43,3.3271919683516598,31.273567380374477,Teen
581,1,3,female,25.18974142092027,2,0,17.63,S,Rare,3,0,Small,5.876666666666666,2.924773184613497,75.56922426276081,YoungAdult
582,0,3,female,22.821962054371998,0,0,41.33,S,Mrs,1,1,Solo,41.33,3.745496054532832,68.465886163116,YoungAdult
583,1,3,male,1.0,0,2,14.09,S,Mr,3,0,Small,4.696666666666666,2.7140322727797574,3.0,Child
584,0,2,male,31.37479928652925,2,0,38.93,S,Rare,3,0,Small,12.976666666666667,3.6871279210751298,62.7495985730585,YoungAdult
585,1,3,female,25.18974142092027,0,2,5.23,S,Miss,3,0,Small,1.7433333333333334,1.8293763327993617,75.56922426276081,YoungAdult
586,1,1,female,35.882174028850834,1,2,90.54,S,Mrs,4,0,Small,22.635,4.516776035225496,35.882174028850834,Adult
587,0,1,female,35.27128407506247,0,0,128.32,S,Miss,1,1,Solo,128.32,4.862289952857232,35.27128407506247,Adult
588,1,1,female,53.8727813561389,0,0,134.66,S,Miss,1,1,Solo,134.66,4.9101517555179335,53.8727813561389,Adult
589,0,1,male,39.61036510806384,0,0,151.59,S,Mr,1,1,Solo,151.59,5.0277545859036445,39.61036510806384,Adult
590,1,1,female,1.0,1,0,62.08,S,Miss,2,0,Small,31.04,4.1444037620948375,1.0,Child
591,0,1,male,47.18261087141666,1,0,101.81,Q,Master,2,0,Small,50.905,4.632882624554627,47.18261087141666,Adult
592,1,3,male,1.3729222910070007,0,0,11.7,S,Mr,1,1,Solo,11.7,2.5416019934645457,4.118766873021002,Child
593,0,1,male,37.73807740975744,0,0,469.06,S,Mr,1,1,Solo,469.06,6.152860346130782,37.73807740975744,Adult
594,0,2,male,19.098384620186,0,0,10.45,S,Rare,1,1,Solo,10.45,2.4379897300002487,38.196769240372,YoungAdult
595,1,3,male,28.32830154357611,1,0,17.51,S,Rare,2,0,Small,8.755,2.9183111265854063,84.98490463072832,YoungAdult
596,0,3,male,26.69179239534472,0,2,6.15,S,Mr,3,0,Small,2.0500000000000003,1.9671123567059163,80.07537718603416,YoungAdult
597,1,3,female,25.18974142092027,1,0,7.98,S,Mrs,2,0,Small,3.99,2.194999882314108,75.56922426276081,YoungAdult
598,0,1,male,43.69873201974349,0,2,65.52,C,Master,3,0,Small,21.84,4.197502654324727,43.69873201974349,Adult
599,0,1,male,24.396805716421994,0,0,65.6,S,Rare,1,1,Solo,65.6,4.198704577546343,24.396805716421994,YoungAdult
600,0,1,male,18.68534569295497,0,0,216.1,S,Rare,1,1,Solo,216.1,5.380358076884246,18.68534569295497,YoungAdult
601,0,1,male,29.225958855740487,0,0,181.27,S,Mr,1,1,Solo,181.27,5.205489104236842,29.225958855740487,YoungAdult
602,1,2,male,29.59623387267828,0,0,17.79,S,Mr,1,1,Solo,17.79,2.933324813425374,59.19246774535656,YoungAdult
603,1,1,male,51.34375063526521,0,0,44.07,Q,Rare,1,1,Solo,44.07,3.808216836702557,51.34375063526521,Adult
604,1,1,male,45.1831958813621,0,0,143.22,S,Rare,1,1,Solo,143.22,4.971339911488614,45.1831958813621,Adult
605,1,1,female,48.15134101587197,0,0,171.88,S,Rare,1,1,Solo,171.88,5.152597712198631,48.15134101587197,Adult
606,0,3,male,18.364949951592376,0,0,14.87,C,Mr,1,1,Solo,14.87,2.7644305345383176,55.094849854777124,YoungAdult
607,1,1,male,39.61036510806384,0,0,89.56,C,Rare,1,1,Solo,89.56,4.506012614454873,39.61036510806384,Adult
608,0,2,male,1.0,1,1,15.86,S,Rare,3,0,Small,5.286666666666666,2.8249439525737094,2.0,Child
609,1,3,female,15.615958089867556,0,0,17.16,S,Miss,1,1,Solo,17.16,2.8992213731731473,46.84787426960267,Teen
610,1,3,male,15.883562590236554,4,0,8.64,S,Master,5,0,Large,1.7280000000000002,2.265921108622454,47.650687770709666,Teen
611,0,1,male,54.644787200645,0,3,72.01,S,Rare,4,0,Small,18.0025,4.290596418067994,54.644787200645,Adult
612,0,3,male,30.65850856501847,0,2,13.92,C,Rare,3,0,Small,4.64,2.702702594775615,91.97552569505541,YoungAdult
613,0,3,male,3.0262614599397963,0,2,6.75,S,Rare,3,0,Small,2.25,2.0476928433652555,9.078784379819389,Child
614,1,1,male,52.98210333642999,0,0,87.34,S,Rare,1,1,Solo,87.34,4.481193006168381,52.98210333642999,Adult
615,0,3,male,1.0,0,1,5.89,S,Mr,2,0,Small,2.945,1.9300710850255671,3.0,Child
616,1,3,male,23.967163686509284,0,0,14.81,S,Mr,1,1,Solo,14.81,2.7606426512213806,71.90149105952786,YoungAdult
617,1,1,male,39.61036510806384,0,0,97.89,S,Mr,1,1,Solo,97.89,4.5940081212819,39.61036510806384,Adult
618,0,2,male,31.836342821137023,0,1,11.66,Q,Master,2,0,Small,5.83,2.5384474167160302,63.67268564227405,YoungAdult
619,0,3,female,12.489067663953085,4,0,6.08,S,Miss,5,0,Large,1.216,1.9572739077056285,37.46720299185925,Teen
620,1,3,female,10.93319495876032,2,0,14.06,S,Miss,3,0,Small,4.6866666666666665,2.7120422223717475,32.79958487628096,Child
621,1,1,female,26.90612110600054,0,0,207.13,Q,Rare,1,1,Solo,207.13,5.33816288447016,26.90612110600054,YoungAdult
622,1,1,female,39.0560709446223,0,1,33.31,S,Rare,2,0,Small,16.655,3.5354368568703585,39.0560709446223,Adult
623,1,2,male,31.37479928652925,1,0,12.7,C,Mr,2,0,Small,6.35,2.617395832834079,62.7495985730585,YoungAdult
624,0,3,male,14.37701576650933,4,0,15.24,S,Rare,5,0,Large,3.048,2.787477334733532,43.13104729952799,Teen
625,0,3,male,27.17275291325299,0,0,27.21,S,Rare,1,1,Solo,27.21,3.339676525013905,81.51825873975896,YoungAdult
626,1,2,female,26.263182247795378,0,0,10.6,S,Miss,1,1,Solo,10.6,2.451005098112319,52.526364495590755,YoungAdult
627,1,3,female,32.0339896047134,2,2,5.16,C,Mrs,5,0,Large,1.032,1.8180767775454285,96.10196881414019,YoungAdult
628,0,3,male,20.05103418140224,1,0,18.11,S,Mr,2,0,Small,9.055,2.950211758252182,60.15310254420672,YoungAdult
629,1,1,female,15.494161898834363,0,0,72.6,S,Rare,1,1,Solo,72.6,4.298645025734831,15.494161898834363,Teen
630,0,2,male,22.592171932896136,0,2,38.84,C,Mr,3,0,Small,12.946666666666667,3.6848714327163976,45.18434386579227,YoungAdult
631,1,3,female,25.18974142092027,2,0,12.73,S,Rare,3,0,Small,4.243333333333333,2.6195832197798796,75.56922426276081,YoungAdult
632,0,3,male,21.09266737421796,1,0,13.42,S,Master,2,0,Small,6.71,2.668616131856803,63.27800212265388,YoungAdult
633,1,3,male,23.027977529375303,1,1,6.77,S,Mr,3,0,Small,2.2566666666666664,2.050270164379556,69.0839325881259,YoungAdult
634,0,3,male,27.545120236890103,1,0,7.2,S,Mr,2,0,Small,3.6,2.1041341542702074,82.63536071067031,YoungAdult
635,1,1,male,34.29679222165145,0,0,107.96,S,Master,1,1,Solo,107.96,4.690980842401202,34.29679222165145,YoungAdult
636,1,2,male,24.149832846054423,1,0,24.99,S,Rare,2,0,Small,12.495,3.2577118486533987,48.299665692108846,YoungAdult
637,0,3,male,8.337489354025468,0,1,37.31,Q,Master,2,0,Small,18.655,3.6457109587125576,25.012468062076405,Child
638,1,2,female,27.93241226479933,2,1,48.84,S,Miss,4,0,Small,12.21,3.908817874479198,55.86482452959866,YoungAdult
639,1,2,male,34.65989703672506,0,3,62.53,S,Rare,4,0,Small,15.6325,4.1515122352784415,69.31979407345013,YoungAdult
640,1,2,male,20.497568415698847,1,1,69.85,C,Mr,3,0,Small,23.28333333333333,4.260564966136689,40.995136831397694,YoungAdult
641,1,1,male,57.04922034174112,0,1,65.18,S,Mr,2,0,Small,32.59,4.192378302493466,57.04922034174112,Adult
642,0,2,female,38.91160060427265,0,1,18.34,S,Mrs,2,0,Small,9.17,2.9621754900251482,77.8232012085453,Adult
643,0,1,male,1.0,0,0,64.83,S,Mr,1,1,Solo,64.83,4.187075661479786,1.0,Child
644,1,2,male,27.7176687085102,0,0,25.86,S,Rare,1,1,Solo,25.86,3.2906381910950917,55.4353374170204,YoungAdult
645,0,1,male,39.61036510806384,1,0,125.46,C,Rare,2,0,Small,62.73,4.839926052630467,39.61036510806384,Adult
646,0,3,male,34.72958374710052,1,0,42.67,S,Mr,2,0,Small,21.335,3.7766613674974696,104.18875124130156,YoungAdult
647,0,3,female,13.07364790198176,0,0,10.93,S,Rare,1,1,Solo,10.93,2.4790562361098245,39.22094370594528,Teen
648,0,3,male,30.042298514739898,0,0,6.83,S,Master,1,1,Solo,6.83,2.057962510002712,90.12689554421969,YoungAdult
649,0,3,male,14.722021151089614,2,0,8.26,S,Mr,3,0,Small,2.7533333333333334,2.225704048658088,44.16606345326884,Teen
650,1,3,female,25.18974142092027,1,0,8.21,S,Mrs,2,0,Small,4.105,2.2202898502672155,75.56922426276081,YoungAdult
651,1,1,male,39.61036510806384,1,1,62.04,S,Mr,3,0,Small,20.68,4.143769445549624,39.61036510806384,Adult
652,0,3,male,26.69179239534472,1,2,6.16,S,Rare,4,0,Small,1.54,1.9685099809725544,80.07537718603416,YoungAdult
653,1,3,male,26.69179239534472,1,0,14.5,C,Rare,2,0,Small,7.25,2.740840023925201,80.07537718603416,YoungAdult
654,0,3,female,23.515252644701967,0,1,6.02,S,Miss,2,0,Small,3.01,1.9487632180377197,70.5457579341059,YoungAdult
655,0,2,male,32.791271381216845,1,0,19.35,S,Mr,2,0,Small,9.675,3.013080911888604,65.58254276243369,YoungAdult
656,0,1,female,30.874509240095016,0,0,42.61,S,Rare,1,1,Solo,42.61,3.775286481854675,30.874509240095016,YoungAdult
657,1,2,male,42.81084591299784,1,0,11.49,C,Mr,2,0,Small,5.745,2.5249283241374862,85.62169182599568,Adult
658,0,2,male,41.29900970245966,1,0,15.93,S,Master,2,0,Small,7.965,2.829087196145044,82.59801940491931,Adult
659,0,3,male,24.46128363852956,0,0,14.34,C,Mr,1,1,Solo,14.34,2.73046379593911,73.38385091558868,YoungAdult
660,0,3,female,27.19001236719056,0,0,11.7,Q,Rare,1,1,Solo,11.7,2.5416019934645457,81.57003710157167,YoungAdult
661,0,2,male,42.41890725709079,0,0,20.3,Q,Mr,1,1,Solo,20.3,3.0587070727153796,84.83781451418157,Adult
662,0,3,female,39.06061497659391,0,0,5.02,C,Miss,1,1,Solo,5.02,1.7950872593207297,117.18184492978173,Adult
663,1,3,female,10.885919961342632,0,2,26.38,C,Miss,3,0,Small,8.793333333333333,3.3098128198603027,32.6577598840279,Child
664,0,1,male,53.6944293425426,1,0,161.06,S,Mr,2,0,Small,80.53,5.087966637032579,53.6944293425426,Adult
665,1,1,male,39.61036510806384,0,0,38.86,C,Rare,1,1,Solo,38.86,3.685373314784649,39.61036510806384,Adult
666,1,1,male,37.8697955040594,0,0,54.6,S,Rare,1,1,Solo,54.6,4.018183201256536,37.8697955040594,Adult
667,1,2,male,24.89787562120865,2,0,32.08,Q,Rare,3,0,Small,10.693333333333333,3.4989288701554906,49.7957512424173,YoungAdult
668,1,1,female,40.1726695740257,1,0,36.52,S,Miss,2,0,Small,18.26,3.624874124138024,40.1726695740257,Adult
669,1,1,female,49.551375705346885,0,0,108.59,S,Miss,1,1,Solo,108.59,4.696746129475301,49.551375705346885,Adult
670,0,2,male,38.32623733761071,1,0,12.55,S,Rare,2,0,Small,6.275,2.60638654732571,76.65247467522143,Adult
671,1,1,male,28.786369152946406,0,2,122.06,S,Mr,3,0,Small,40.68666666666667,4.812672041312344,28.786369152946406,YoungAdult
672,0,3,female,20.229306814099346,0,0,36.7,S,Mrs,1,1,Solo,36.7,3.629660094453965,60.68792044229804,YoungAdult
673,1,1,male,39.61036510806384,0,2,41.97,S,Mr,3,0,Small,13.99,3.7605021977869035,39.61036510806384,Adult
674,1,3,female,29.557211632490752,0,1,23.27,C,Miss,2,0,Small,11.635,3.18924101973851,88.67163489747226,YoungAdult
675,1,2,male,1.0,0,0,20.31,S,Mr,1,1,Solo,20.31,3.0591764461105257,2.0,Child
676,0,3,female,25.18974142092027,2,0,8.66,S,Rare,3,0,Small,2.8866666666666667,2.2679936482244267,75.56922426276081,YoungAdult
677,0,1,male,41.67585860602695,1,0,34.71,C,Mr,2,0,Small,17.355,3.575430761606357,41.67585860602695,Adult
678,0,2,male,45.67792871510861,0,0,37.16,S,Mr,1,1,Solo,37.16,3.6417878465800855,91.35585743021721,Adult
679,0,3,male,36.74667470268135,0,0,35.78,S,Master,1,1,Solo,35.78,3.604954219176175,110.24002410804404,Adult
680,1,3,male,8.53908244883793,0,0,15.37,S,Master,1,1,Solo,15.37,2.7954503913830435,25.617247346513793,Child
681,0,3,male,44.30537026881248,1,0,26.13,C,Master,2,0,Small,13.065,3.3006401266708405,132.91611080643744,Adult
682,1,2,female,17.664085229277116,1,2,27.17,S,Miss,4,0,Small,6.7925,3.338257581888281,35.32817045855423,Teen
683,1,1,female,41.7150728915948,0,0,103.85,S,Miss,1,1,Solo,103.85,4.652530757347929,41.7150728915948,Adult
684,1,3,male,26.69179239534472,0,2,7.29,S,Rare,3,0,Small,2.43,2.115049969147204,80.07537718603416,YoungAdult
685,0,3,male,26.69179239534472,0,0,8.35,S,Mr,1,1,Solo,8.35,2.2353763433005955,80.07537718603416,YoungAdult
686,0,3,male,7.802178225703457,0,2,6.47,S,Rare,3,0,Small,2.1566666666666667,2.010894999144726,23.406534677110372,Child
687,0,3,male,18.704051115198364,0,0,11.97,Q,Mr,1,1,Solo,11.97,2.5626389983283526,56.11215334559509,YoungAdult
688,0,2,male,19.281315900140243,0,0,40.61,C,Master,1,1,Solo,40.61,3.72834052299485,38.562631800280485,YoungAdult
689,0,3,male,40.552756741376754,0,1,16.47,S,Mr,2,0,Small,8.235,2.8604851241459652,121.65827022413026,Adult
690,1,1,male,55.30583010528705,0,0,88.43,S,Master,1,1,Solo,88.43,4.49345619635809,55.30583010528705,Adult
691,0,2,male,16.264750644116713,0,0,74.66,C,Mr,1,1,Solo,74.66,4.326249619204883,32.529501288233426,Teen
692,0,2,male,45.900079872239225,0,0,13.08,S,Rare,1,1,Solo,13.08,2.644755350729896,91.80015974447845,Adult
693,0,3,male,8.25052957369018,2,0,10.99,S,Rare,3,0,Small,3.6633333333333336,2.4840729690394228,24.75158872107054,Child
694,1,2,female,34.582564588639435,3,0,45.4,S,Mrs,4,0,Small,11.35,3.8372994592322094,69.16512917727887,YoungAdult
695,0,1,male,39.61036510806384,2,0,35.97,S,Mr,3,0,Small,11.99,3.6101067729485403,39.61036510806384,Adult
696,1,3,female,22.65531578587571,1,0,9.68,Q,Rare,2,0,Small,4.84,2.3683728335320486,67.96594735762713,YoungAdult
697,0,2,male,33.510745659088485,0,0,12.74,S,Mr,1,1,Solo,12.74,2.620311286794203,67.02149131817697,YoungAdult
698,0,3,male,15.527937931363908,1,2,24.2,S,Rare,4,0,Small,6.05,3.2268439945173775,46.583813794091725,Teen
699,1,1,female,39.0560709446223,2,0,33.87,S,Miss,3,0,Small,11.29,3.5516268606875596,39.0560709446223,Adult
700,0,3,female,25.18974142092027,0,0,5.4,C,Rare,1,1,Solo,5.4,1.8562979903656263,75.56922426276081,YoungAdult
701,1,3,female,20.537705412656013,0,2,5.04,S,Rare,3,0,Small,1.68,1.7984040119467235,61.61311623796804,YoungAdult
702,1,1,male,5.853466656078666,1,0,99.35,S,Rare,2,0,Small,49.675,4.608664075242347,5.853466656078666,Child
703,0,2,male,31.37479928652925,0,0,30.76,S,Mr,1,1,Solo,30.76,3.458207636378935,62.7495985730585,YoungAdult
704,1,1,female,39.0560709446223,0,0,100.49,S,Miss,1,1,Solo,100.49,4.619960271460727,39.0560709446223,Adult
705,1,1,male,30.88603723293765,0,0,158.83,S,Rare,1,1,Solo,158.83,5.074110750380562,30.88603723293765,YoungAdult
706,1,3,male,26.69179239534472,1,0,14.22,S,Rare,2,0,Small,7.11,2.7226103524335397,80.07537718603416,YoungAdult
707,1,2,male,32.597535638343274,0,0,11.58,S,Mr,1,1,Solo,11.58,2.5321082512722946,65.19507127668655,YoungAdult
708,0,3,male,26.893137271525237,1,0,13.82,S,Mr,2,0,Small,6.91,2.695977619867941,80.67941181457572,YoungAdult
709,1,2,female,46.54059550138798,0,0,13.87,Q,Miss,1,1,Solo,13.87,2.6993457604720636,93.08119100277597,Adult
710,0,3,male,7.276900869617183,2,0,8.96,S,Rare,3,0,Small,2.986666666666667,2.298577071596507,21.83070260885155,Child
711,1,3,male,16.127543110491565,0,3,17.52,S,Mr,4,0,Small,4.38,2.918851229218033,48.382629331474696,Teen
712,1,3,male,39.30279201296288,0,0,18.0,S,Master,1,1,Solo,18.0,2.9444389791664403,117.90837603888865,Adult
713,1,3,male,36.40018994403575,0,2,15.07,S,Mr,3,0,Small,5.023333333333333,2.776954179749421,109.20056983210725,Adult
714,0,2,male,31.37479928652925,0,2,31.27,S,Mr,3,0,Small,10.423333333333334,3.4741380060638702,62.7495985730585,YoungAdult
715,0,2,male,31.213840865596467,0,0,19.89,Q,Mr,1,1,Solo,19.89,3.0392705755684744,62.42768173119293,YoungAdult
716,0,3,male,22.64463218334476,0,0,49.35,C,Rare,1,1,Solo,49.35,3.9189986191645714,67.93389655003429,YoungAdult
717,1,3,female,28.620400106820828,0,1,5.87,S,Rare,2,0,Small,2.935,1.927164106234258,85.86120032046249,YoungAdult
718,0,3,male,27.106434754943173,0,1,6.59,S,Rare,2,0,Small,3.295,2.0268315914075385,81.31930426482953,YoungAdult
719,0,1,male,43.269733365365234,1,0,114.09,S,Mr,2,0,Small,57.045,4.745714430980399,43.269733365365234,Adult
720,1,3,female,14.316185823761538,1,3,8.18,S,Rare,5,0,Large,1.636,2.217027204632399,42.948557471284616,Teen
721,0,3,female,24.2310668302154,0,0,6.89,S,Rare,1,1,Solo,6.89,2.065596134857783,72.6932004906462,YoungAdult
722,1,1,male,53.75608698180677,0,0,113.09,S,Rare,1,1,Solo,113.09,4.736987610608278,53.75608698180677,Adult
723,1,1,male,21.34823349985741,1,0,108.02,Q,Mr,2,0,Small,54.01,4.691531351636135,21.34823349985741,YoungAdult
724,1,3,male,23.0545122942417,0,0,23.54,S,Master,1,1,Solo,23.54,3.2003044392827653,69.1635368827251,YoungAdult
725,1,3,female,26.716585238547427,0,0,5.28,S,Rare,1,1,Solo,5.28,1.8373699804801074,80.14975571564229,YoungAdult
726,1,3,female,35.195343862194555,0,0,8.08,C,Rare,1,1,Solo,8.08,2.206074192613202,105.58603158658366,Adult
727,1,1,female,33.399341339514216,0,0,241.28,S,Miss,1,1,Solo,241.28,5.490094082112747,33.399341339514216,YoungAdult
728,1,3,male,31.990855825705665,0,0,12.43,S,Mr,1,1,Solo,12.43,2.5974910105351463,95.972567477117,YoungAdult
729,1,1,female,30.382403970401302,0,2,48.76,S,Mrs,3,0,Small,16.253333333333334,3.907211448430924,30.382403970401302,YoungAdult
730,0,1,male,35.72089931498788,0,1,70.68,S,Mr,2,0,Small,35.34,4.272211768666675,35.72089931498788,Adult
731,0,1,male,38.572868455540096,0,0,138.74,Q,Mr,1,1,Solo,138.74,4.939783553124305,38.572868455540096,Adult
732,1,3,male,37.01958190250272,2,0,18.52,Q,Mr,3,0,Small,6.173333333333333,2.9714395809849465,111.05874570750817,Adult
733,1,3,female,41.72145433029318,0,0,10.46,Q,Miss,1,1,Solo,10.46,2.4388627112865935,125.16436299087954,Adult
734,1,3,male,33.526589227573425,0,0,6.15,C,Mr,1,1,Solo,6.15,1.9671123567059163,100.57976768272027,YoungAdult
735,1,2,female,9.88504814380125,0,0,46.82,S,Rare,1,1,Solo,46.82,3.867443962030179,19.7700962876025,Child
736,0,3,male,29.555675780631585,0,0,13.38,C,Mr,1,1,Solo,13.38,2.6658383522929006,88.66702734189475,YoungAdult
737,0,2,male,23.875379526367578,0,1,29.3,Q,Mr,2,0,Small,14.65,3.4111477125153233,47.750759052735155,YoungAdult
738,0,3,male,26.69179239534472,0,2,5.27,S,Mr,3,0,Small,1.7566666666666666,1.8357763546448294,80.07537718603416,YoungAdult
739,0,2,male,47.23535641804847,0,0,55.05,S,Mr,1,1,Solo,55.05,4.026244149518169,94.47071283609694,Adult
740,1,2,female,13.266873608404753,0,0,10.49,S,Mrs,1,1,Solo,10.49,2.4414770918606643,26.533747216809505,Teen
741,0,3,male,44.377345488518216,0,0,6.58,S,Master,1,1,Solo,6.58,2.0255131996542803,133.13203646555465,Adult
742,1,2,female,22.413208757501938,0,0,35.59,S,Mrs,1,1,Solo,35.59,3.5997749790311153,44.826417515003875,YoungAdult
743,1,3,female,25.18974142092027,1,0,5.2,Q,Mrs,2,0,Small,2.6,1.824549292051046,75.56922426276081,YoungAdult
744,1,3,female,25.18974142092027,0,0,15.27,Q,Miss,1,1,Solo,15.27,2.7893229212309465,75.56922426276081,YoungAdult
745,1,1,male,21.46862058567617,0,0,275.85,S,Mr,1,1,Solo,275.85,5.623475843268976,21.46862058567617,YoungAdult
746,1,3,male,16.158758368628536,0,1,17.75,S,Mr,2,0,Small,8.875,2.9311937524164198,48.476275105885605,Teen
747,1,2,male,37.17263039884197,0,0,36.86,C,Mr,1,1,Solo,36.86,3.633895145781177,74.34526079768393,Adult
748,0,3,female,25.18974142092027,2,2,23.69,S,Miss,5,0,Large,4.738,3.206398303357088,75.56922426276081,YoungAdult
749,0,3,female,37.11366146315163,0,1,13.92,S,Rare,2,0,Small,6.96,2.702702594775615,111.34098438945489,Adult
750,1,3,male,26.69179239534472,0,3,23.23,C,Rare,4,0,Small,5.8075,3.1875915348284343,80.07537718603416,YoungAdult
751,1,1,female,47.42005730353548,0,0,49.66,C,Miss,1,1,Solo,49.66,3.925136644573529,47.42005730353548,Adult
752,0,3,male,23.89786282798054,0,0,9.6,Q,Mr,1,1,Solo,9.6,2.3608540011180215,71.69358848394162,YoungAdult
753,1,3,male,23.950776054673828,0,0,17.28,S,Mr,1,1,Solo,17.28,2.905807566026004,71.85232816402149,YoungAdult
754,1,2,male,32.47551056902575,0,0,13.26,S,Mr,1,1,Solo,13.26,2.65745841498615,64.9510211380515,YoungAdult
755,1,1,female,39.425988133667815,0,0,154.34,Q,Miss,1,1,Solo,154.34,5.045616262991501,39.425988133667815,Adult
756,1,3,male,24.28701782473007,4,0,19.48,S,Master,5,0,Large,3.896,3.019448800171307,72.86105347419021,YoungAdult
757,0,3,female,47.26603977753116,0,0,19.18,C,Mrs,1,1,Solo,19.18,3.004692014925463,141.7981193325935,Adult
758,0,3,female,27.690816934423506,0,0,30.01,S,Mrs,1,1,Solo,30.01,3.4343097331123578,83.07245080327051,YoungAdult
759,1,3,female,20.842881927917205,4,2,14.59,S,Miss,7,0,Large,2.084285714285714,2.7466296830696852,62.528645783751614,YoungAdult
760,1,3,male,5.661191690766067,1,0,6.86,S,Rare,2,0,Small,3.43,2.061786606441115,16.9835750722982,Child
761,1,1,male,40.42678330118572,0,0,44.1,S,Rare,1,1,Solo,44.1,3.8088822465086327,40.42678330118572,Adult
762,1,2,male,31.37479928652925,0,0,11.88,Q,Mr,1,1,Solo,11.88,2.5556757206762075,62.7495985730585,YoungAdult
763,0,2,male,31.37479928652925,1,1,21.38,S,Mr,3,0,Small,7.126666666666666,3.108167702883779,62.7495985730585,YoungAdult
764,0,3,male,30.549803488802247,0,0,7.2,C,Mr,1,1,Solo,7.2,2.1041341542702074,91.64941046640675,YoungAdult
765,1,1,female,39.0560709446223,0,0,68.29,C,Miss,1,1,Solo,68.29,4.23830059563929,39.0560709446223,Adult
766,0,3,male,27.06705263693245,1,0,12.06,S,Mr,2,0,Small,6.03,2.569554123848285,81.20115791079735,YoungAdult
767,0,3,male,33.05837406074864,0,0,16.56,S,Mr,1,1,Solo,16.56,2.8656235882069705,99.17512218224593,YoungAdult
768,0,3,male,43.336376312654,0,0,44.87,S,Rare,1,1,Solo,44.87,3.8258113086090804,130.00912893796198,Adult
769,1,2,male,31.37479928652925,0,0,17.1,C,Master,1,1,Solo,17.1,2.89591193827178,62.7495985730585,YoungAdult
770,1,3,male,34.13015985173773,0,0,17.62,S,Mr,1,1,Solo,17.62,2.924236271848921,102.39047955521319,YoungAdult
771,0,1,male,39.61036510806384,1,0,35.0,S,Master,2,0,Small,17.5,3.58351893845611,39.61036510806384,Adult
772,1,3,female,29.659744065081394,0,0,39.11,S,Mrs,1,1,Solo,39.11,3.6916256797819615,88.97923219524418,YoungAdult
773,0,1,male,20.35769328758388,1,3,147.27,S,Mr,5,0,Large,29.454,4.999034936029934,20.35769328758388,YoungAdult
774,1,2,female,45.067962844426674,0,2,14.17,C,Mrs,3,0,Small,4.723333333333334,2.719319793360441,90.13592568885335,Adult
775,0,3,female,20.806728073396528,0,0,28.32,S,Miss,1,1,Solo,28.32,3.3782698770184507,62.42018422018958,YoungAdult
776,1,1,male,39.61036510806384,0,0,53.68,S,Mr,1,1,Solo,53.68,4.001498011855749,39.61036510806384,Adult
777,1,1,female,55.94301313005276,1,0,44.94,S,Rare,2,0,Small,22.47,3.8273361972609523,55.94301313005276,Adult
778,0,3,male,26.69179239534472,2,0,5.66,C,Mr,3,0,Small,1.8866666666666667,1.8961194845522977,80.07537718603416,YoungAdult
779,0,3,female,25.18974142092027,0,0,6.51,S,Rare,1,1,Solo,6.51,2.0162354657760435,75.56922426276081,YoungAdult
780,1,3,male,26.69179239534472,0,0,5.49,S,Mr,1,1,Solo,5.49,1.8702625307159986,80.07537718603416,YoungAdult
781,1,3,female,20.05335105970636,0,0,5.89,S,Mrs,1,1,Solo,5.89,1.9300710850255671,60.160053179119075,YoungAdult
782,0,3,female,35.96168478420888,1,0,6.63,S,Rare,2,0,Small,3.315,2.0320878452963655,107.88505435262664,Adult
783,1,2,female,18.86196278025169,0,0,14.87,C,Miss,1,1,Solo,14.87,2.7644305345383176,37.72392556050338,YoungAdult
784,1,2,female,27.93241226479933,0,0,14.05,C,Miss,1,1,Solo,14.05,2.711377991194885,55.86482452959866,YoungAdult
785,0,1,male,39.61036510806384,0,0,79.12,C,Mr,1,1,Solo,79.12,4.383525510797617,39.61036510806384,Adult
786,1,3,male,9.651631165362565,0,0,6.9,S,Mr,1,1,Solo,6.9,2.066862759472976,28.954893496087692,Child
787,0,3,male,31.18353185949361,0,0,13.93,C,Rare,1,1,Solo,13.93,2.703372611551099,93.55059557848082,YoungAdult
788,1,2,male,34.12689239625227,0,0,24.7,S,Rare,1,1,Solo,24.7,3.246490991901174,68.25378479250455,YoungAdult
789,0,3,female,25.18974142092027,1,0,11.54,Q,Rare,2,0,Small,5.77,2.5289235352047745,75.56922426276081,YoungAdult
790,0,3,male,31.84608650025419,0,0,23.72,S,Mr,1,1,Solo,23.72,3.20761263258949,95.53825950076258,YoungAdult
791,1,1,female,33.52213467443219,0,0,46.52,S,Mrs,1,1,Solo,46.52,3.8611506750543896,33.52213467443219,YoungAdult
792,1,3,male,17.66337703133646,0,0,6.56,S,Mr,1,1,Solo,6.56,2.0228711901914416,52.99013109400938,Teen
793,1,3,female,23.88466952063694,0,0,9.48,S,Rare,1,1,Solo,9.48,2.349468678892896,71.65400856191081,YoungAdult
794,1,3,male,22.125976935739004,1,0,6.08,S,Rare,2,0,Small,3.04,1.9572739077056285,66.37793080721701,YoungAdult
795,1,1,female,39.0560709446223,0,0,69.67,C,Rare,1,1,Solo,69.67,4.258021154702763,39.0560709446223,Adult
796,1,3,female,27.23699403692856,0,0,9.07,S,Mrs,1,1,Solo,9.07,2.309560706730471,81.71098211078568,YoungAdult
797,1,3,male,16.220419133097664,0,2,7.68,Q,Master,3,0,Small,2.56,2.1610215286722587,48.66125739929299,Teen
798,1,3,male,47.68528822186939,0,2,6.49,S,Rare,3,0,Small,2.1633333333333336,2.0135687975291283,143.05586466560817,Adult
799,0,3,female,25.591699978242676,0,0,8.27,S,Rare,1,1,Solo,8.27,2.2267833795777636,76.77509993472803,YoungAdult
800,1,3,male,34.22607611162676,0,3,12.49,C,Mr,4,0,Small,3.1225,2.6019486702196644,102.67822833488029,YoungAdult
801,0,3,male,17.70128191066289,0,0,11.86,S,Rare,1,1,Solo,11.86,2.554121718809473,53.10384573198867,Teen
802,1,1,male,39.61036510806384,1,0,49.98,S,Rare,2,0,Small,24.99,3.9314333989479695,39.61036510806384,Adult
803,0,3,male,28.733319893718345,0,0,6.07,C,Rare,1,1,Solo,6.07,1.9558604799084813,86.19995968115504,YoungAdult
804,0,3,male,2.3242084948461645,0,1,5.22,S,Master,2,0,Small,2.61,1.827769906751088,6.972625484538494,Child
805,0,2,male,37.18952111608066,1,0,32.6,S,Mr,2,0,Small,16.3,3.5145260669691587,74.37904223216132,Adult
806,1,3,male,40.48773353107057,0,1,21.95,C,Mr,2,0,Small,10.975,3.133317936506554,121.4632005932117,Adult
807,1,3,male,20.23365620624815,0,0,5.37,S,Master,1,1,Solo,5.37,1.851599469584072,60.70096861874445,YoungAdult
808,1,3,female,11.772763114529734,0,0,15.51,C,Miss,1,1,Solo,15.51,2.8039662579320366,35.3182893435892,Child
809,0,3,male,29.170739365642625,0,0,21.44,S,Mr,1,1,Solo,21.44,3.110845080654496,87.51221809692788,YoungAdult
810,0,1,female,44.4704173251472,0,0,37.44,S,Rare,1,1,Solo,37.44,3.6490985841020915,44.4704173251472,Adult
811,1,3,male,29.268027382758756,0,0,9.59,S,Mr,1,1,Solo,9.59,2.359910159613315,87.80408214827627,YoungAdult
812,1,3,male,27.29892875432908,1,0,31.23,S,Mr,2,0,Small,15.615,3.4728976958273465,81.89678626298723,YoungAdult
813,1,1,male,39.61036510806384,0,0,112.58,S,Mr,1,1,Solo,112.58,4.732507434449286,39.61036510806384,Adult
814,0,3,male,42.36766839270168,0,0,10.38,C,Rare,1,1,Solo,10.38,2.431857428698185,127.10300517810504,Adult
815,0,3,male,31.817238461543752,0,0,16.5,S,Rare,1,1,Solo,16.5,2.8622008809294686,95.45171538463126,YoungAdult
816,0,3,male,26.69179239534472,0,1,19.34,S,Master,2,0,Small,9.67,3.012589390620414,80.07537718603416,YoungAdult
817,0,3,male,41.35075423254942,0,0,8.42,S,Master,1,1,Solo,8.42,2.2428350885882717,124.05226269764826,Adult
818,1,2,male,6.366270069966987,0,0,50.57,S,Mr,1,1,Solo,50.57,3.9429401080628677,12.732540139933974,Child
819,1,1,female,63.260873537014405,0,0,134.79,S,Mrs,1,1,Solo,134.79,4.911109574710704,63.260873537014405,Senior
820,1,2,male,28.772036712253964,1,0,45.8,S,Rare,2,0,Small,22.9,3.845883202923601,57.54407342450793,YoungAdult
821,0,3,male,27.9145841578033,0,2,70.1,S,Mr,3,0,Small,23.366666666666664,4.264087336809195,83.7437524734099,YoungAdult
822,1,1,female,19.89417858980371,1,1,185.88,S,Mrs,3,0,Small,61.96,5.230466699639862,19.89417858980371,YoungAdult
823,0,2,male,31.37479928652925,1,0,18.19,S,Mr,2,0,Small,9.095,2.9543893100196086,62.7495985730585,YoungAdult
824,0,2,male,31.37479928652925,0,0,17.38,S,Mr,1,1,Solo,17.38,2.911263116927541,62.7495985730585,YoungAdult
825,1,3,female,48.08134953789944,1,2,12.87,S,Miss,4,0,Small,3.2175,2.6297282343267403,144.24404861369834,Adult
826,0,3,male,15.704620359777016,1,1,14.74,S,Rare,3,0,Small,4.913333333333333,2.756205242989257,47.113861079331045,Teen
827,1,2,female,27.93241226479933,0,1,34.0,S,Miss,2,0,Small,17.0,3.5553480614894135,55.86482452959866,YoungAdult
828,0,2,female,20.810396616164464,4,1,48.46,Q,Miss,6,0,Large,8.076666666666666,3.9011642620932703,41.62079323232893,YoungAdult
829,1,3,male,1.2941467453943505,0,0,20.9,C,Master,1,1,Solo,20.9,3.086486636822455,3.8824402361830517,Child
830,0,3,male,26.69179239534472,0,0,9.77,S,Rare,1,1,Solo,9.77,2.3767644911682972,80.07537718603416,YoungAdult
831,0,1,male,50.35266287252773,1,0,50.3,S,Rare,2,0,Small,25.15,3.937690752176724,50.35266287252773,Adult
832,0,3,male,26.69179239534472,0,0,10.17,Q,Rare,1,1,Solo,10.17,2.413231613081109,80.07537718603416,YoungAdult
833,0,1,male,31.419409931366975,0,0,56.43,S,Rare,1,1,Solo,56.43,4.0505668148762055,31.419409931366975,YoungAdult
834,1,1,female,39.0560709446223,0,0,41.7,S,Miss,1,1,Solo,41.7,3.754198920234579,39.0560709446223,Adult
835,1,3,male,44.72053786965441,1,0,11.18,S,Mr,2,0,Small,5.59,2.4997952622817508,134.16161360896322,Adult
836,0,2,male,31.37479928652925,1,0,35.21,C,Mr,2,0,Small,17.605,3.58933532377755,62.7495985730585,YoungAdult
837,1,3,female,14.638076740420791,0,0,7.78,S,Rare,1,1,Solo,7.78,2.172476407647025,43.91423022126237,Teen
838,0,2,female,14.89681002913927,3,0,52.03,C,Miss,4,0,Small,13.0075,3.970857791149039,29.79362005827854,Teen
839,0,3,male,25.21620246453336,0,0,10.55,C,Master,1,1,Solo,10.55,2.446685436967803,75.64860739360009,YoungAdult
840,1,3,male,26.69179239534472,0,1,6.4,S,Rare,2,0,Small,3.2,2.0014800002101243,80.07537718603416,YoungAdult
841,1,1,male,48.41868760099912,0,1,117.95,C,Mr,2,0,Small,58.975,4.778703236748966,48.41868760099912,Adult
842,0,3,male,32.11080728616797,1,0,8.13,S,Mr,2,0,Small,4.065,2.211565694606877,96.3324218585039,YoungAdult
843,1,1,male,28.90877746350004,0,0,65.47,S,Master,1,1,Solo,65.47,4.19675071805349,28.90877746350004,YoungAdult
844,1,3,male,17.441385371634276,0,0,5.55,S,Rare,1,1,Solo,5.55,1.8794650496471605,52.32415611490283,Teen
845,1,1,female,57.87444206319092,1,0,203.44,S,Rare,2,0,Small,101.72,5.320274533900079,57.87444206319092,Adult
846,1,2,male,43.63319264341533,3,0,16.34,S,Rare,4,0,Small,4.085,2.853015971352396,87.26638528683065,Adult
847,1,1,male,39.61036510806384,0,0,74.06,S,Mr,1,1,Solo,74.06,4.318287793706875,39.61036510806384,Adult
848,0,3,male,8.13324335372456,0,1,14.71,S,Mr,2,0,Small,7.355,2.75429745226753,24.399730061173678,Child
849,0,3,male,13.18008249019582,4,0,7.76,S,Rare,5,0,Large,1.552,2.1701959049483,39.54024747058746,Teen
850,0,3,female,27.38416011456888,2,0,10.08,S,Rare,3,0,Small,3.36,2.405141681319138,82.15248034370663,YoungAdult
851,1,1,female,10.418546552034304,0,0,167.92,C,Mrs,1,1,Solo,167.92,5.129425230065743,10.418546552034304,Child
852,1,3,female,18.05051068437104,1,0,16.64,S,Mrs,2,0,Small,8.32,2.8701690505786455,54.15153205311312,YoungAdult
853,1,1,male,21.04359299006906,1,0,43.04,S,Mr,2,0,Small,21.52,3.785098311854479,21.04359299006906,YoungAdult
854,1,3,male,33.35401596591147,2,1,15.97,S,Rare,4,0,Small,3.9925,2.831447079246135,100.06204789773442,YoungAdult
855,0,1,male,38.19982294971008,1,0,85.8,S,Mr,2,0,Small,42.9,4.463606621666305,38.19982294971008,Adult
856,0,1,male,24.644848128446974,0,0,33.53,S,Mr,1,1,Solo,33.53,3.541828511401901,24.644848128446974,YoungAdult
857,0,1,male,32.30149161902507,0,0,97.04,S,Mr,1,1,Solo,97.04,4.585375558659912,32.30149161902507,YoungAdult
858,0,3,female,25.18974142092027,0,0,8.54,S,Rare,1,1,Solo,8.54,2.255493485460195,75.56922426276081,YoungAdult
859,0,3,male,2.777887221104095,0,0,7.58,S,Mr,1,1,Solo,7.58,2.149433913499871,8.333661663312284,Child
860,1,1,male,46.18178172661478,1,0,83.52,Q,Mr,2,0,Small,41.76,4.436988192747856,46.18178172661478,Adult
861,0,3,male,16.85628326447076,3,0,8.66,Q,Mr,4,0,Small,2.165,2.2679936482244267,50.568849793412284,Teen
862,1,3,male,21.18114966708856,0,0,8.05,S,Mr,1,1,Solo,8.05,2.2027647577118348,63.543449001265685,YoungAdult
863,1,3,male,26.69179239534472,0,2,20.18,C,Master,3,0,Small,6.726666666666667,3.0530573401732606,80.07537718603416,YoungAdult
864,1,2,female,42.37014701746256,0,0,23.62,S,Rare,1,1,Solo,23.62,3.2035591207563074,84.74029403492511,Adult
865,1,2,female,16.724888051716096,0,0,75.2,S,Miss,1,1,Solo,75.2,4.333361462692601,33.44977610343219,Teen
866,1,3,female,34.62554150341743,0,0,19.29,C,Miss,1,1,Solo,19.29,3.0101281538377234,103.8766245102523,YoungAdult
867,0,1,male,39.61036510806384,0,0,117.45,S,Master,1,1,Solo,117.45,4.774490930604794,39.61036510806384,Adult
868,1,1,male,50.90310156694243,0,0,246.03,S,Master,1,1,Solo,246.03,5.509509786742492,50.90310156694243,Adult
869,0,3,male,11.18615516136557,0,0,5.55,S,Rare,1,1,Solo,5.55,1.8794650496471605,33.55846548409671,Child
870,0,3,male,1.0,0,0,5.01,S,Rare,1,1,Solo,5.01,1.7934247485471162,3.0,Child
871,1,2,female,22.1633314748085,1,0,40.64,S,Miss,2,0,Small,20.32,3.7290612437467683,44.326662949617,YoungAdult
872,0,2,male,35.61941835824402,0,0,17.85,S,Rare,1,1,Solo,17.85,2.93651291389402,71.23883671648804,Adult
873,0,3,male,31.20335818898045,0,0,51.83,S,Rare,1,1,Solo,51.83,3.9670792111762245,93.61007456694135,YoungAdult
874,0,2,male,20.80086336731366,0,0,31.45,S,Mr,1,1,Solo,31.45,3.479700443150099,41.60172673462732,YoungAdult
875,0,1,male,50.41642346136221,0,0,77.82,C,Mr,1,1,Solo,77.82,4.367166771766858,50.41642346136221,Adult
876,1,1,female,32.109334888465256,1,3,189.38,S,Rare,5,0,Large,37.876,5.249022074823159,32.109334888465256,YoungAdult
877,0,3,male,27.45710658882141,0,0,22.49,C,Mr,1,1,Solo,22.49,3.1565747986708215,82.37131976646424,YoungAdult
878,1,3,male,34.19053935376738,2,0,8.06,S,Rare,3,0,Small,2.686666666666667,2.203869120054888,102.57161806130213,YoungAdult
879,1,1,male,44.11433972426913,0,0,66.57,C,Rare,1,1,Solo,66.57,4.213164097564083,44.11433972426913,Adult
880,1,1,male,43.66012656946377,0,0,86.45,C,Master,1,1,Solo,86.45,4.471067201464611,43.66012656946377,Adult
881,1,1,female,55.30095068551016,0,0,47.73,S,Mrs,1,1,Solo,47.73,3.8862948568554145,55.30095068551016,Adult
882,0,3,female,20.018796532439566,1,1,10.13,S,Miss,3,0,Small,3.376666666666667,2.4096441652874536,60.0563895973187,YoungAdult
883,1,1,female,47.52302547630629,0,0,97.93,S,Miss,1,1,Solo,97.93,4.5944125293351314,47.52302547630629,Adult
884,1,1,female,54.69510517469165,2,2,45.43,Q,Miss,5,0,Large,9.086,3.8379458020318302,54.69510517469165,Adult
885,1,3,male,23.7478864841573,0,0,9.35,S,Mr,1,1,Solo,9.35,2.336986519711378,71.24365945247189,YoungAdult
886,1,1,female,42.475125562865685,0,0,101.73,S,Miss,1,1,Solo,101.73,4.6321041872281725,42.475125562865685,Adult
887,0,3,male,26.69179239534472,1,0,7.5,S,Rare,2,0,Small,3.75,2.1400661634962708,80.07537718603416,YoungAdult
888,0,1,male,39.61036510806384,2,0,71.29,Q,Mr,3,0,Small,23.763333333333335,4.280685807012206,39.61036510806384,Adult
889,1,1,female,42.86747076953671,0,0,48.32,S,Miss,1,1,Solo,48.32,3.8983296782961436,42.86747076953671,Adult
890,0,2,male,24.031825967153107,0,1,45.06,S,Mr,2,0,Small,22.53,3.8299448943925394,48.063651934306215,YoungAdult
891,1,3,female,25.18974142092027,0,0,5.25,S,Mrs,1,1,Solo,5.25,1.8325814637483102,75.56922426276081,YoungAdult
